business_id,enterprise,first_job_commission,first_year_commission,n_first_year_transactions,n_first_year_backtolawyer_trans,n_first_year_backtolexoo_trans,cost_of_service,cost_of_acquisition
3355,0,161.374567,161.374567,1,0,0,24.74410027,132.3271449
6443,0,564.8109844,3480.84941,7,6,0,24.74410027,132.3271449
2433,0,177.5120237,379.2302324,2,0,1,24.74410027,132.3271449
2577,0,24.20618505,24.20618505,1,0,0,24.74410027,132.3271449
2353,0,40.34364174,161.374567,2,1,0,24.74410027,132.3271449
6239,0,32.27491339,32.27491339,1,0,0,24.74410027,132.3271449
6279,0,661.6357246,1274.53633,5,4,0,24.74410027,132.3271449
3579,0,64.54982679,125.0652894,3,2,0,24.74410027,132.3271449
6285,0,20.17182087,20.17182087,1,0,0,24.74410027,132.3271449
2431,0,225.9243938,225.9243938,1,0,0,24.74410027,132.3271449
6295,0,112.9621969,112.9621969,1,0,0,24.74410027,132.3271449
6373,0,80.68728349,80.68728349,1,0,0,24.74410027,132.3271449
6409,0,322.7491339,322.7491339,1,0,0,24.74410027,132.3271449
2181,0,403.4364174,1331.340178,3,2,0,24.74410027,132.3271449
3645,0,66.16357246,110.5415784,2,1,0,24.74410027,132.3271449
3129,0,258.1993072,387.2989607,2,1,0,24.74410027,132.3271449
2611,0,29.85429489,29.85429489,1,0,0,24.74410027,132.3271449
2671,0,473.2309177,1699.001467,4,3,0,24.74410027,132.3271449
213,0,64.54982679,371.161504,4,1,2,24.74410027,132.3271449
1663,0,80.68728349,80.68728349,1,0,0,24.74410027,132.3271449
6453,0,80.68728349,80.68728349,1,0,0,24.74410027,132.3271449
2313,0,88.75601184,88.75601184,1,0,0,24.74410027,132.3271449
2607,0,48.41237009,88.75601184,2,0,1,24.74410027,132.3271449
4115,0,48.41237009,48.41237009,1,0,0,24.74410027,132.3271449
2267,0,484.1237009,944.0412168,3,1,1,24.74410027,132.3271449
2829,0,129.0996536,129.0996536,1,0,0,24.74410027,132.3271449
2253,0,64.54982679,64.54982679,1,0,0,24.74410027,132.3271449
2567,0,193.6494804,193.6494804,1,0,0,24.74410027,132.3271449
2261,0,64.54982679,177.5120237,2,1,0,24.74410027,132.3271449
3653,0,52.44673427,52.44673427,1,0,0,24.74410027,132.3271449
1703,0,16.1374567,16.1374567,1,0,0,24.74410027,132.3271449
2551,0,92.79037601,92.79037601,1,0,0,24.74410027,132.3271449
2585,0,96.82474018,96.82474018,1,0,0,24.74410027,132.3271449
4201,0,141.2027461,185.580752,2,1,0,24.74410027,132.3271449
2345,0,40.34364174,40.34364174,1,0,0,24.74410027,132.3271449
2701,0,112.9621969,112.9621969,1,0,0,24.74410027,132.3271449
4661,0,88.75601184,88.75601184,1,0,0,24.74410027,132.3271449
6519,0,31.39380826,31.39380826,1,0,0,24.74410027,132.3271449
2291,0,40.34364174,259.00618,5,3,1,24.74410027,132.3271449
2649,0,68.58419096,68.58419096,1,0,0,24.74410027,132.3271449
2443,0,121.0309252,121.0309252,1,0,0,24.74410027,132.3271449
2957,0,45.18487875,45.18487875,1,0,0,24.74410027,132.3271449
2365,0,60.51546262,177.5120237,2,1,0,24.74410027,132.3271449
3481,0,56.48109844,217.8556654,2,0,1,24.74410027,132.3271449
3391,0,48.41237009,48.41237009,1,0,0,24.74410027,132.3271449
2579,0,59.70858978,154.9195843,3,2,0,24.74410027,132.3271449
6363,0,29.04742206,29.04742206,1,0,0,24.74410027,132.3271449
2457,0,313.8735328,313.8735328,1,0,0,24.74410027,132.3271449
3313,0,52.44673427,52.44673427,1,0,0,24.74410027,132.3271449
6405,0,131.8155875,131.8155875,1,0,0,24.74410027,132.3271449
3917,0,268.9581495,414.1952598,2,0,1,24.74410027,132.3271449
823,0,71.00480947,71.00480947,1,0,0,24.74410027,132.3271449
2341,0,60.51546262,60.51546262,1,0,0,24.74410027,132.3271449
1035,0,68.58419096,200.9113359,2,1,0,24.74410027,132.3271449
2661,0,225.9243938,225.9243938,1,0,0,24.74410027,132.3271449
2335,0,97.79298759,97.79298759,1,0,0,24.74410027,132.3271449
603,0,121.0309252,121.0309252,1,0,0,24.74410027,132.3271449
2389,0,161.374567,161.374567,1,0,0,24.74410027,132.3271449
6589,0,125.0652894,125.0652894,1,0,0,24.74410027,132.3271449
2833,0,322.7491339,2190.336998,4,3,0,24.74410027,132.3271449
3215,0,201.7182087,201.7182087,1,0,0,24.74410027,132.3271449
6521,0,56.48109844,56.48109844,1,0,0,24.74410027,132.3271449
2301,0,16.1374567,52.44673427,2,1,0,24.74410027,132.3271449
3409,0,201.7182087,201.7182087,1,0,0,24.74410027,132.3271449
3401,0,77.45979215,198.4907174,2,1,0,24.74410027,132.3271449
3299,0,64.54982679,64.54982679,1,0,0,24.74410027,132.3271449
6049,0,387.2989607,387.2989607,1,0,0,24.74410027,132.3271449
2547,0,29.04742206,69.3910638,2,0,1,24.74410027,132.3271449
1219,0,129.0996536,129.0996536,1,0,0,24.74410027,132.3271449
183,0,129.0996536,129.0996536,1,0,0,24.74410027,132.3271449
6381,0,129.0996536,129.0996536,1,0,0,24.74410027,132.3271449
6457,0,129.0996536,129.0996536,1,0,0,24.74410027,132.3271449
2509,0,19.36494804,19.36494804,1,0,0,24.74410027,132.3271449
3397,0,40.34364174,40.34364174,1,0,0,24.74410027,132.3271449
3527,0,24.20618505,24.20618505,1,0,0,24.74410027,132.3271449
1401,0,484.1237009,605.1546262,2,1,0,24.74410027,132.3271449
3993,0,92.79037601,92.79037601,1,0,0,24.74410027,132.3271449
2349,0,56.48109844,56.48109844,1,0,0,24.74410027,132.3271449
1349,0,1573.402028,1799.326422,2,1,0,24.74410027,132.3271449
3073,0,48.41237009,48.41237009,1,0,0,24.74410027,132.3271449
2369,0,129.0996536,129.0996536,1,0,0,24.74410027,132.3271449
1865,0,80.68728349,164.6020583,2,0,1,24.74410027,132.3271449
3853,0,96.82474018,96.82474018,1,0,0,24.74410027,132.3271449
3845,0,107.6368362,107.6368362,1,0,0,24.74410027,132.3271449
3861,0,32.27491339,32.27491339,1,0,0,24.74410027,132.3271449
3849,0,32.27491339,32.27491339,1,0,0,24.74410027,132.3271449
1071,0,80.68728349,201.7182087,4,2,1,24.74410027,132.3271449
1465,0,121.0309252,121.0309252,1,0,0,24.74410027,132.3271449
3119,0,68.58419096,137.1683819,2,1,0,24.74410027,132.3271449
2169,0,44.37800592,44.37800592,1,0,0,24.74410027,132.3271449
2501,0,32.27491339,32.27491339,1,0,0,24.74410027,132.3271449
3547,0,96.82474018,96.82474018,1,0,0,24.74410027,132.3271449
3185,0,72.61855514,185.580752,2,0,1,24.74410027,132.3271449
3451,0,104.8934685,104.8934685,1,0,0,24.74410027,132.3271449
1573,0,129.0996536,129.0996536,1,0,0,24.74410027,132.3271449
4235,0,129.0996536,129.0996536,1,0,0,24.74410027,132.3271449
2903,0,116.9965611,116.9965611,1,0,0,24.74410027,132.3271449
3121,0,23.1411129,54.77052803,3,2,0,24.74410027,132.3271449
2575,0,67.77731813,67.77731813,1,0,0,24.74410027,132.3271449
2427,0,108.9278327,108.9278327,1,0,0,24.74410027,132.3271449
3709,0,48.41237009,48.41237009,1,0,0,24.74410027,132.3271449
2655,0,193.6494804,193.6494804,1,0,0,24.74410027,132.3271449
3243,0,104.8934685,161.374567,2,1,0,24.74410027,132.3271449
3647,0,44.37800592,44.37800592,1,0,0,24.74410027,132.3271449
2677,0,72.61855514,72.61855514,1,0,0,24.74410027,132.3271449
3203,0,161.374567,161.374567,1,0,0,24.74410027,132.3271449
2481,0,24.20618505,24.20618505,1,0,0,24.74410027,132.3271449
2379,0,198.1679682,198.1679682,1,0,0,24.74410027,132.3271449
2495,0,40.34364174,161.374567,2,1,0,24.74410027,132.3271449
2633,0,19.36494804,19.36494804,1,0,0,24.74410027,132.3271449
3867,0,52.44673427,217.8556654,4,3,0,24.74410027,132.3271449
4955,0,62.93608112,62.93608112,1,0,0,24.74410027,132.3271449
2887,0,32.27491339,32.27491339,1,0,0,24.74410027,132.3271449
3871,0,19.36494804,19.36494804,1,0,0,24.74410027,132.3271449
4317,0,895.6288467,980.3504944,2,1,0,24.74410027,132.3271449
5053,0,80.69373847,80.69373847,1,0,0,24.74410027,132.3271449
3283,0,605.1546262,605.1546262,1,0,0,24.74410027,132.3271449
2965,0,80.68728349,80.68728349,1,0,0,24.74410027,132.3271449
4255,0,209.7869371,209.7869371,1,0,0,24.74410027,132.3271449
3773,0,104.8934685,284.0192379,2,1,0,24.74410027,132.3271449
2405,0,52.44673427,52.44673427,1,0,0,24.74410027,132.3271449
1237,0,40.34364174,40.34364174,1,0,0,24.74410027,132.3271449
4251,0,48.41237009,48.41237009,1,0,0,24.74410027,132.3271449
3509,0,56.48109844,112.9621969,2,1,0,24.74410027,132.3271449
1527,0,56.48109844,129.0996536,2,1,0,24.74410027,132.3271449
2363,0,32.27491339,32.27491339,1,0,0,24.74410027,132.3271449
5645,0,242.0618505,242.0618505,1,0,0,24.74410027,132.3271449
2289,0,334.8522265,334.8522265,1,0,0,24.74410027,132.3271449
2515,0,161.374567,161.374567,1,0,0,24.74410027,132.3271449
2527,0,25.81993072,25.81993072,1,0,0,24.74410027,132.3271449
3443,0,80.68728349,242.0618505,2,1,0,24.74410027,132.3271449
4245,0,121.0309252,945.6549625,6,4,1,24.74410027,132.3271449
3495,0,68.58419096,68.58419096,1,0,0,24.74410027,132.3271449
2733,0,40.34364174,64.54982679,2,1,0,24.74410027,132.3271449
2437,0,68.58419096,68.58419096,1,0,0,24.74410027,132.3271449
2497,0,193.6494804,193.6494804,1,0,0,24.74410027,132.3271449
2669,0,129.0996536,464.7587529,4,2,1,24.74410027,132.3271449
2723,0,193.6494804,193.6494804,1,0,0,24.74410027,132.3271449
2739,0,32.27491339,32.27491339,1,0,0,24.74410027,132.3271449
2323,0,129.0996536,129.0996536,1,0,0,24.74410027,132.3271449
3035,0,40.34364174,112.9621969,2,0,1,24.74410027,132.3271449
2523,0,96.82474018,96.82474018,1,0,0,24.74410027,132.3271449
3433,0,112.9621969,112.9621969,1,0,0,24.74410027,132.3271449
2867,0,104.8934685,104.8934685,1,0,0,24.74410027,132.3271449
4531,0,84.72164766,84.72164766,1,0,0,24.74410027,132.3271449
1169,0,242.0618505,421.1876198,4,3,0,24.74410027,132.3271449
3947,0,121.0309252,121.0309252,1,0,0,24.74410027,132.3271449
6161,0,177.5120237,177.5120237,1,0,0,24.74410027,132.3271449
2665,0,32.27491339,32.27491339,1,0,0,24.74410027,132.3271449
5457,0,104.8934685,104.8934685,1,0,0,24.74410027,132.3271449
4471,0,104.8934685,104.8934685,1,0,0,24.74410027,132.3271449
2847,0,9.682474018,9.682474018,1,0,0,24.74410027,132.3271449
6025,0,44.37800592,44.37800592,1,0,0,24.74410027,132.3271449
6499,0,564.8109844,564.8109844,1,0,0,24.74410027,132.3271449
6943,0,40.34364174,40.34364174,1,0,0,24.74410027,132.3271449
2749,0,106.5072142,106.5072142,1,0,0,24.74410027,132.3271449
2851,0,250.1305788,250.1305788,1,0,0,24.74410027,132.3271449
5831,0,121.0309252,181.5463878,2,1,0,24.74410027,132.3271449
641,0,32.27491339,233.9931221,2,1,0,24.74410027,132.3271449
5725,0,96.82474018,96.82474018,1,0,0,24.74410027,132.3271449
5903,0,80.68728349,80.68728349,1,0,0,24.74410027,132.3271449
2757,0,185.580752,185.580752,1,0,0,24.74410027,132.3271449
5991,0,161.374567,161.374567,1,0,0,24.74410027,132.3271449
5935,0,52.44673427,104.8934685,2,1,0,24.74410027,132.3271449
2855,0,40.34364174,40.34364174,1,0,0,24.74410027,132.3271449
2853,0,36.30927757,36.30927757,1,0,0,24.74410027,132.3271449
3545,0,64.54982679,64.54982679,1,0,0,24.74410027,132.3271449
4185,0,121.0309252,121.0309252,1,0,0,24.74410027,132.3271449
7687,0,476.0549726,476.0549726,1,0,0,24.74410027,132.3271449
1235,0,277.5642552,277.5642552,1,0,0,24.74410027,132.3271449
2137,0,48.41237009,48.41237009,1,0,0,24.74410027,132.3271449
2891,0,96.82474018,96.82474018,1,0,0,24.74410027,132.3271449
8159,0,89.56288467,466.775935,4,1,2,24.74410027,132.3271449
2381,0,129.0996536,129.0996536,1,0,0,24.74410027,132.3271449
7697,0,96.82474018,96.82474018,1,0,0,24.74410027,132.3271449
2767,0,80.68728349,80.68728349,1,0,0,24.74410027,132.3271449
2865,0,27.43367639,27.43367639,1,0,0,24.74410027,132.3271449
2979,0,31.46804056,507.5230131,2,1,0,24.74410027,132.3271449
6609,0,72.61855514,72.61855514,1,0,0,24.74410027,132.3271449
1385,0,322.7491339,322.7491339,1,0,0,24.74410027,132.3271449
6617,0,125.8721622,125.8721622,1,0,0,24.74410027,132.3271449
2601,0,80.68728349,80.68728349,1,0,0,24.74410027,132.3271449
6619,0,161.374567,161.374567,1,0,0,24.74410027,132.3271449
3021,0,40.34364174,40.34364174,1,0,0,24.74410027,132.3271449
3087,0,104.8934685,104.8934685,1,0,0,24.74410027,132.3271449
1535,0,140.3958733,140.3958733,1,0,0,24.74410027,132.3271449
4263,0,60.51546262,60.51546262,1,0,0,24.74410027,132.3271449
787,0,121.0309252,121.0309252,1,0,0,24.74410027,132.3271449
2985,0,20.17182087,20.17182087,1,0,0,24.74410027,132.3271449
5923,0,53.2536071,53.2536071,1,0,0,24.74410027,132.3271449
1195,0,129.0996536,129.0996536,1,0,0,24.74410027,132.3271449
4425,0,141.2027461,141.2027461,1,0,0,24.74410027,132.3271449
4369,0,16.1374567,16.1374567,1,0,0,24.74410027,132.3271449
5139,0,96.82474018,96.82474018,1,0,0,24.74410027,132.3271449
3669,0,33.61916354,33.61916354,1,0,0,24.74410027,132.3271449
3727,0,193.6494804,193.6494804,1,0,0,24.74410027,132.3271449
2967,0,161.374567,718.116823,2,1,0,24.74410027,132.3271449
3697,0,129.0996536,129.0996536,1,0,0,24.74410027,132.3271449
4159,0,104.8934685,104.8934685,1,0,0,24.74410027,132.3271449
3717,0,96.82474018,96.82474018,1,0,0,24.74410027,132.3271449
2919,0,96.82474018,96.82474018,1,0,0,24.74410027,132.3271449
4511,0,22.59243938,45.18487875,2,1,0,24.74410027,132.3271449
8549,0,56.48109844,56.48109844,1,0,0,24.74410027,132.3271449
1109,0,80.68728349,80.68728349,1,0,0,24.74410027,132.3271449
8573,0,104.8934685,104.8934685,1,0,0,24.74410027,132.3271449
3285,0,121.0309252,121.0309252,1,0,0,24.74410027,132.3271449
1455,0,96.82474018,96.82474018,1,0,0,24.74410027,132.3271449
2917,0,100.8591044,1860.898888,5,4,0,24.74410027,132.3271449
8571,0,145.2371103,145.2371103,1,0,0,24.74410027,132.3271449
4737,0,185.580752,185.580752,1,0,0,24.74410027,132.3271449
1589,0,209.7869371,209.7869371,1,0,0,24.74410027,132.3271449
4081,0,80.68728349,80.68728349,1,0,0,24.74410027,132.3271449
8559,0,121.0309252,121.0309252,1,0,0,24.74410027,132.3271449
1463,0,80.68728349,80.68728349,1,0,0,24.74410027,132.3271449
4163,0,104.8934685,104.8934685,1,0,0,24.74410027,132.3271449
1673,0,229.9587579,229.9587579,1,0,0,24.74410027,132.3271449
3399,0,56.48109844,56.48109844,1,0,0,24.74410027,132.3271449
5577,0,64.54982679,64.54982679,1,0,0,24.74410027,132.3271449
3267,0,121.0309252,121.0309252,1,0,0,24.74410027,132.3271449
2751,0,201.7182087,201.7182087,1,0,0,24.74410027,132.3271449
8555,0,112.9621969,112.9621969,1,0,0,24.74410027,132.3271449
4689,0,129.0996536,129.0996536,1,0,0,24.74410027,132.3271449
3611,0,48.41237009,48.41237009,1,0,0,24.74410027,132.3271449
3577,0,129.0996536,129.0996536,1,0,0,24.74410027,132.3271449
1813,0,121.0309252,1194.171796,2,1,0,24.74410027,132.3271449
5721,0,112.9621969,112.9621969,1,0,0,24.74410027,132.3271449
4375,0,443.7800592,443.7800592,1,0,0,24.74410027,132.3271449
4141,0,121.0309252,239.2377955,3,1,1,24.74410027,132.3271449
6887,0,145.2371103,145.2371103,1,0,0,24.74410027,132.3271449
5953,0,106.5072142,106.5072142,1,0,0,24.74410027,132.3271449
1009,0,137.1683819,747.1642451,2,0,1,24.74410027,132.3271449
2963,0,24.20618505,24.20618505,1,0,0,24.74410027,132.3271449
3259,0,80.68728349,80.68728349,1,0,0,24.74410027,132.3271449
3213,0,119.4171796,119.4171796,1,0,0,24.74410027,132.3271449
3567,0,129.0996536,129.0996536,1,0,0,24.74410027,132.3271449
5087,0,32.27491339,201.7214362,4,3,0,24.74410027,132.3271449
4033,0,112.9621969,112.9621969,1,0,0,24.74410027,132.3271449
6081,0,64.54982679,871.4226617,2,1,0,24.74410027,132.3271449
6271,0,80.68728349,80.68728349,1,0,0,24.74410027,132.3271449
3763,0,96.82474018,96.82474018,1,0,0,24.74410027,132.3271449
8145,0,123.6129183,123.6129183,1,0,0,24.74410027,132.3271449
3761,0,40.34364174,40.34364174,1,0,0,24.74410027,132.3271449
4525,0,72.61855514,72.61855514,1,0,0,24.74410027,132.3271449
4075,0,104.8934685,104.8934685,1,0,0,24.74410027,132.3271449
6575,0,484.1237009,484.1237009,1,0,0,24.74410027,132.3271449
4899,0,923.4772557,923.4772557,1,0,0,24.74410027,132.3271449
3975,0,56.48109844,56.48109844,1,0,0,24.74410027,132.3271449
4211,0,37.92302324,37.92302324,1,0,0,24.74410027,132.3271449
4983,0,64.54982679,64.54982679,1,0,0,24.74410027,132.3271449
8579,0,177.5120237,177.5120237,1,0,0,24.74410027,132.3271449
4165,0,161.374567,161.374567,1,0,0,24.74410027,132.3271449
2029,0,80.68728349,80.68728349,1,0,0,24.74410027,132.3271449
3619,0,64.54982679,64.54982679,1,0,0,24.74410027,132.3271449
3613,0,80.68728349,80.68728349,1,0,0,24.74410027,132.3271449
4439,0,161.374567,802.0315979,4,3,0,24.74410027,132.3271449
4465,0,137.1683819,225.9243938,3,2,0,24.74410027,132.3271449
3719,0,24.20618505,24.20618505,1,0,0,24.74410027,132.3271449
4093,0,295.3154576,1463.263886,3,2,0,24.74410027,132.3271449
4101,0,96.82474018,96.82474018,1,0,0,24.74410027,132.3271449
273,0,80.68728349,80.68728349,1,0,0,24.74410027,132.3271449
4593,0,153.3058386,153.3058386,1,0,0,24.74410027,132.3271449
6711,0,25.81993072,25.81993072,1,0,0,24.74410027,132.3271449
5181,0,76.65291931,76.65291931,1,0,0,24.74410027,132.3271449
6719,0,121.0309252,121.0309252,1,0,0,24.74410027,132.3271449
6727,0,134.4782679,134.4782679,1,0,0,24.74410027,132.3271449
6757,0,72.61855514,72.61855514,1,0,0,24.74410027,132.3271449
4685,0,64.54982679,64.54982679,1,0,0,24.74410027,132.3271449
4361,0,129.0996536,129.0996536,1,0,0,24.74410027,132.3271449
3145,0,145.2371103,145.2371103,1,0,0,24.74410027,132.3271449
1895,0,48.41237009,48.41237009,1,0,0,24.74410027,132.3271449
8449,0,134.4782679,376.5401184,2,0,1,24.74410027,132.3271449
4773,0,161.374567,161.374567,1,0,0,24.74410027,132.3271449
4699,0,80.68728349,80.68728349,1,0,0,24.74410027,132.3271449
4271,0,72.61855514,72.61855514,1,0,0,24.74410027,132.3271449
7301,0,25.81993072,120.2240524,2,1,0,24.74410027,132.3271449
4365,0,32.27491339,32.27491339,1,0,0,24.74410027,132.3271449
5465,0,484.1237009,484.1237009,1,0,0,24.74410027,132.3271449
5597,0,121.0309252,121.0309252,1,0,0,24.74410027,132.3271449
5719,0,44.86212962,44.86212962,1,0,0,24.74410027,132.3271449
6967,0,129.0996536,129.0996536,1,0,0,24.74410027,132.3271449
5423,0,129.0996536,129.0996536,1,0,0,24.74410027,132.3271449
5373,0,88.75601184,88.75601184,1,0,0,24.74410027,132.3271449
5047,0,104.8934685,104.8934685,1,0,0,24.74410027,132.3271449
5175,0,131.0361484,131.0361484,1,0,0,24.74410027,132.3271449
5521,0,104.8934685,104.8934685,1,0,0,24.74410027,132.3271449
8115,0,96.82474018,96.82474018,1,0,0,24.74410027,132.3271449
2869,0,121.0309252,121.0309252,1,0,0,24.74410027,132.3271449
5683,0,403.4364174,403.4364174,1,0,0,24.74410027,132.3271449
5487,0,104.8934685,104.8934685,1,0,0,24.74410027,132.3271449
5143,0,516.3986143,831.5631436,4,3,0,24.74410027,132.3271449
6001,0,153.3058386,153.3058386,1,0,0,24.74410027,132.3271449
5289,0,121.0309252,121.0309252,1,0,0,24.74410027,132.3271449
5565,0,111.3484512,111.3484512,1,0,0,24.74410027,132.3271449
6701,0,121.0309252,121.0309252,1,0,0,24.74410027,132.3271449
8129,0,121.0309252,121.0309252,1,0,0,24.74410027,132.3271449
5513,0,129.0996536,129.0996536,1,0,0,24.74410027,132.3271449
4085,0,193.6494804,193.6494804,1,0,0,24.74410027,132.3271449
4975,0,80.68728349,80.68728349,1,0,0,24.74410027,132.3271449
5117,0,104.8934685,104.8934685,1,0,0,24.74410027,132.3271449
4167,0,121.0309252,201.7182087,2,0,1,24.74410027,132.3271449
4917,0,40.34364174,233.1862493,2,0,1,24.74410027,132.3271449
2035,0,121.0309252,121.0309252,1,0,0,24.74410027,132.3271449
5315,0,56.48109844,56.48109844,1,0,0,24.74410027,132.3271449
5271,0,137.1683819,137.1683819,1,0,0,24.74410027,132.3271449
4521,0,129.0996536,129.0996536,1,0,0,24.74410027,132.3271449
5459,0,322.7491339,322.7491339,1,0,0,24.74410027,132.3271449
5697,0,193.6494804,193.6494804,1,0,0,24.74410027,132.3271449
5695,0,60.51546262,60.51546262,1,0,0,24.74410027,132.3271449
8067,0,60.51546262,60.51546262,1,0,0,24.74410027,132.3271449
6745,0,170.2501682,170.2501682,1,0,0,24.74410027,132.3271449
1695,0,80.68728349,80.68728349,1,0,0,24.74410027,132.3271449
6403,0,225.9243938,387.2989607,3,2,0,24.74410027,132.3271449
5693,0,56.48109844,108.9278327,2,1,0,24.74410027,132.3271449
5879,0,40.34364174,1672.486012,3,2,0,24.74410027,132.3271449
6791,0,322.7491339,322.7491339,1,0,0,24.74410027,132.3271449
4679,0,121.0309252,121.0309252,1,0,0,24.74410027,132.3271449
3447,0,282.4054922,968.7315256,5,2,2,24.74410027,132.3271449
5791,0,33.61916354,33.61916354,1,0,0,24.74410027,132.3271449
5889,0,129.0996536,129.0996536,1,0,0,24.74410027,132.3271449
7879,0,121.0309252,121.0309252,1,0,0,24.74410027,132.3271449
5737,0,44.37800592,169.4432953,2,0,1,24.74410027,132.3271449
1899,0,161.374567,161.374567,1,0,0,24.74410027,132.3271449
1271,0,129.0996536,129.0996536,1,0,0,24.74410027,132.3271449
7853,0,153.3058386,450.2350419,3,2,0,24.74410027,132.3271449
6929,0,88.75601184,88.75601184,1,0,0,24.74410027,132.3271449
5409,0,125.8721622,278.492159,3,2,0,24.74410027,132.3271449
6107,0,31.60198145,31.60198145,1,0,0,24.74410027,132.3271449
6399,0,80.68728349,80.68728349,1,0,0,24.74410027,132.3271449
4563,0,80.68728349,80.68728349,1,0,0,24.74410027,132.3271449
6127,0,161.374567,161.374567,1,0,0,24.74410027,132.3271449
6079,0,94.40412168,94.40412168,1,0,0,24.74410027,132.3271449
8007,0,48.41237009,48.41237009,1,0,0,24.74410027,132.3271449
6225,0,129.0996536,129.0996536,1,0,0,24.74410027,132.3271449
6257,0,137.1683819,137.1683819,1,0,0,24.74410027,132.3271449
8265,0,56.48109844,402.6295446,4,1,2,24.74410027,132.3271449
8319,0,322.7491339,322.7491339,1,0,0,24.74410027,132.3271449
7929,0,121.0309252,121.0309252,1,0,0,24.74410027,132.3271449
8161,0,43.57113308,227.5381394,3,2,0,24.74410027,132.3271449
6961,0,80.68728349,80.68728349,1,0,0,24.74410027,132.3271449
5077,0,322.7491339,322.7491339,1,0,0,24.74410027,132.3271449
8185,0,48.41237009,48.41237009,1,0,0,24.74410027,132.3271449
5247,0,55.67422561,55.67422561,1,0,0,24.74410027,132.3271449
8451,0,80.68728349,80.68728349,1,0,0,24.74410027,132.3271449
7283,0,74.63573723,74.63573723,1,0,0,24.74410027,132.3271449
5933,0,142.0096189,142.0096189,1,0,0,24.74410027,132.3271449
6429,0,137.1683819,137.1683819,1,0,0,24.74410027,132.3271449
7773,0,322.7491339,322.7491339,1,0,0,24.74410027,132.3271449
6781,0,80.68728349,80.68728349,1,0,0,24.74410027,132.3271449
5685,0,419.5738741,419.5738741,1,0,0,24.74410027,132.3271449
6789,0,60.51546262,60.51546262,1,0,0,24.74410027,132.3271449
7721,0,161.374567,426.6340114,2,1,0,24.74410027,132.3271449
7011,0,129.0996536,129.0996536,1,0,0,24.74410027,132.3271449
7155,0,121.0309252,121.0309252,1,0,0,24.74410027,132.3271449
7613,0,40.34364174,40.34364174,1,0,0,24.74410027,132.3271449
8005,0,161.374567,161.374567,1,0,0,24.74410027,132.3271449
8177,0,121.0309252,121.0309252,1,0,0,24.74410027,132.3271449
6779,0,121.0309252,121.0309252,1,0,0,24.74410027,132.3271449
7013,0,80.68728349,80.68728349,1,0,0,24.74410027,132.3271449
6883,0,40.34364174,140.3958733,3,2,0,24.74410027,132.3271449
7061,0,161.374567,161.374567,1,0,0,24.74410027,132.3271449
8173,0,60.51546262,60.51546262,1,0,0,24.74410027,132.3271449
8247,0,145.2371103,145.2371103,1,0,0,24.74410027,132.3271449
7245,0,137.1683819,137.1683819,1,0,0,24.74410027,132.3271449
7655,0,137.1683819,137.1683819,1,0,0,24.74410027,132.3271449
7859,0,321.1353883,672.9319443,3,2,0,24.74410027,132.3271449
8445,0,80.68728349,80.68728349,1,0,0,24.74410027,132.3271449
8209,0,56.48109844,56.48109844,1,0,0,24.74410027,132.3271449
8233,0,129.0996536,129.0996536,1,0,0,24.74410027,132.3271449
7719,0,137.1683819,484.1237009,2,0,1,24.74410027,132.3271449
7897,0,242.0618505,242.0618505,1,0,0,24.74410027,132.3271449
8243,0,363.0927757,363.0927757,1,0,0,24.74410027,132.3271449
8321,0,36.30927757,36.30927757,1,0,0,24.74410027,132.3271449
8331,0,129.0996536,129.0996536,1,0,0,24.74410027,132.3271449
8187,0,88.75601184,88.75601184,1,0,0,24.74410027,132.3271449
5463,0,88.75601184,355.0240473,3,1,1,24.74410027,132.3271449
7221,0,645.4982679,645.4982679,1,0,0,24.74410027,132.3271449
6989,0,80.68728349,80.68728349,1,0,0,24.74410027,132.3271449
5647,0,137.1683819,137.1683819,1,0,0,24.74410027,132.3271449
8241,0,593.1774058,593.1774058,1,0,0,24.74410027,132.3271449
8249,0,125.8721622,125.8721622,1,0,0,24.74410027,132.3271449
6349,0,64.54982679,125.0652894,2,0,1,24.74410027,132.3271449
7959,0,16.1374567,16.1374567,1,0,0,24.74410027,132.3271449
7047,0,165.4089311,165.4089311,1,0,0,24.74410027,132.3271449
7063,0,121.0309252,121.0309252,1,0,0,24.74410027,132.3271449
8525,0,141.2027461,141.2027461,1,0,0,24.74410027,132.3271449
7931,0,121.0309252,121.0309252,1,0,0,24.74410027,132.3271449
4869,0,129.0996536,225.9243938,2,1,0,24.74410027,132.3271449
8441,0,137.1683819,137.1683819,1,0,0,24.74410027,132.3271449
7173,0,564.8109844,564.8109844,1,0,0,24.74410027,132.3271449
7159,0,133.1340178,279.1780009,3,2,0,24.74410027,132.3271449
4909,0,145.2371103,145.2371103,1,0,0,24.74410027,132.3271449
8657,0,19.36494804,19.36494804,1,0,0,24.74410027,132.3271449
8675,0,112.9621969,112.9621969,1,0,0,24.74410027,132.3271449
8685,0,116.9965611,116.9965611,1,0,0,24.74410027,132.3271449
8717,0,338.8865906,338.8865906,1,0,0,24.74410027,132.3271449
8735,0,47.60549726,47.60549726,1,0,0,24.74410027,132.3271449
8823,0,79.88041065,79.88041065,1,0,0,24.74410027,132.3271449
8877,0,60.51546262,60.51546262,1,0,0,24.74410027,132.3271449
9281,0,1129.621969,2080.763667,2,1,0,24.74410027,132.3271449
8965,0,314.6804056,717.3099502,2,1,0,24.74410027,132.3271449
9125,0,177.5120237,177.5120237,1,0,0,24.74410027,132.3271449
9159,0,120.2240524,120.2240524,1,0,0,24.74410027,132.3271449
9163,0,72.61855514,72.61855514,1,0,0,24.74410027,132.3271449
9193,0,137.1683819,137.1683819,1,0,0,24.74410027,132.3271449
9247,0,79.88041065,79.88041065,1,0,0,24.74410027,132.3271449
9333,0,484.1237009,484.1237009,1,0,0,24.74410027,132.3271449
9347,0,25.81993072,25.81993072,1,0,0,24.74410027,132.3271449
9361,0,92.79037601,92.79037601,1,0,0,24.74410027,132.3271449
9365,0,137.1683819,137.1683819,1,0,0,24.74410027,132.3271449
9381,0,161.374567,161.374567,1,0,0,24.74410027,132.3271449
9421,0,56.48109844,56.48109844,1,0,0,24.74410027,132.3271449
2507,0,18.15463878,98.84192227,3,2,0,24.74410027,132.3271449
9451,0,137.1683819,137.1683819,1,0,0,24.74410027,132.3271449
9445,0,233.9931221,233.9931221,1,0,0,24.74410027,132.3271449
9447,0,403.4364174,403.4364174,1,0,0,24.74410027,132.3271449
9543,0,149.2714745,149.2714745,1,0,0,24.74410027,132.3271449
9573,0,133.9408906,133.9408906,1,0,0,24.74410027,132.3271449
9589,0,219.4290674,219.4290674,1,0,0,24.74410027,132.3271449
9643,0,80.68728349,80.68728349,1,0,0,24.74410027,132.3271449
9591,0,112.155324,112.155324,1,0,0,24.74410027,132.3271449
9603,0,88.75601184,88.75601184,1,0,0,24.74410027,132.3271449
9627,0,282.4054922,282.4054922,1,0,0,24.74410027,132.3271449
9661,0,125.0652894,125.0652894,1,0,0,24.74410027,132.3271449
9665,0,137.1683819,137.1683819,1,0,0,24.74410027,132.3271449
9667,0,88.75601184,88.75601184,1,0,0,24.74410027,132.3271449
9675,0,137.1683819,137.1683819,1,0,0,24.74410027,132.3271449
9849,0,137.1683819,137.1683819,1,0,0,24.74410027,132.3271449
9869,0,116.9965611,209.7869371,2,1,0,24.74410027,132.3271449
9885,0,33.56590993,33.56590993,1,0,0,24.74410027,132.3271449
9909,0,443.7800592,484.1237009,2,1,0,24.74410027,132.3271449
9961,0,64.54982679,64.54982679,1,0,0,24.74410027,132.3271449
9983,0,100.8591044,100.8591044,1,0,0,24.74410027,132.3271449
9995,0,137.1683819,137.1683819,1,0,0,24.74410027,132.3271449
10019,0,242.0618505,242.0618505,1,0,0,24.74410027,132.3271449
10027,0,193.6494804,193.6494804,1,0,0,24.74410027,132.3271449
10039,0,80.68728349,80.68728349,1,0,0,24.74410027,132.3271449
10077,0,121.0309252,121.0309252,1,0,0,24.74410027,132.3271449
10093,0,48.41237009,48.41237009,1,0,0,24.74410027,132.3271449
10163,0,153.3058386,153.3058386,1,0,0,24.74410027,132.3271449
10193,0,97.63161302,97.63161302,1,0,0,24.74410027,132.3271449
10211,0,145.2371103,290.4742206,2,1,0,24.74410027,132.3271449
10375,0,11.18325749,729.0660874,9,8,0,24.74410027,132.3271449
10343,0,153.3058386,153.3058386,1,0,0,24.74410027,132.3271449
10347,0,121.0309252,121.0309252,1,0,0,24.74410027,132.3271449
10377,0,44.37800592,44.37800592,1,0,0,24.74410027,132.3271449
10441,0,153.3058386,153.3058386,1,0,0,24.74410027,132.3271449
10495,0,30.86288593,30.86288593,1,0,0,24.74410027,132.3271449
10515,0,64.54982679,64.54982679,1,0,0,24.74410027,132.3271449
10519,0,72.61855514,72.61855514,1,0,0,24.74410027,132.3271449
10521,0,137.1683819,137.1683819,1,0,0,24.74410027,132.3271449
10577,0,161.374567,161.374567,1,0,0,24.74410027,132.3271449
10587,0,112.9621969,112.9621969,1,0,0,24.74410027,132.3271449
10631,0,57.28797128,538.1841809,3,2,0,24.74410027,132.3271449
10659,0,282.4054922,282.4054922,1,0,0,24.74410027,132.3271449
10723,0,37.04998683,37.04998683,1,0,0,24.74410027,132.3271449
10755,0,80.68728349,80.68728349,1,0,0,24.74410027,132.3271449
10885,0,24.20618505,24.20618505,1,0,0,24.74410027,132.3271449
10891,0,80.68728349,412.1409616,8,7,0,24.74410027,132.3271449
10943,0,194.4563532,210.5938099,2,1,0,24.74410027,132.3271449
7029,0,48.41237009,48.41237009,1,0,0,24.74410027,132.3271449
11009,0,137.1683819,137.1683819,1,0,0,24.74410027,132.3271449
5667,0,137.1683819,137.1683819,1,0,0,24.74410027,132.3271449
11157,0,39.53676891,39.53676891,1,0,0,24.74410027,132.3271449
11163,0,92.79037601,1567.753918,9,8,0,24.74410027,132.3271449
11187,0,193.6494804,193.6494804,1,0,0,24.74410027,132.3271449
11201,0,60.51546262,92.79037601,2,1,0,24.74410027,132.3271449
11211,0,80.68728349,161.374567,2,1,0,24.74410027,132.3271449
11235,0,161.374567,161.374567,1,0,0,24.74410027,132.3271449
11241,0,96.01786735,96.01786735,1,0,0,24.74410027,132.3271449
11307,0,145.2371103,145.2371103,1,0,0,24.74410027,132.3271449
11327,0,322.7491339,322.7491339,1,0,0,24.74410027,132.3271449
11409,0,121.0309252,201.7182087,2,1,0,24.74410027,132.3271449
11467,0,80.68728349,112.9621969,2,1,0,24.74410027,132.3271449
11533,0,88.75601184,88.75601184,1,0,0,24.74410027,132.3271449
11575,0,161.374567,161.374567,1,0,0,24.74410027,132.3271449
11577,0,161.374567,242.0618505,2,1,0,24.74410027,132.3271449
11589,0,133.1340178,232.9845311,2,1,0,24.74410027,132.3271449
11617,0,193.6494804,585.7896781,3,2,0,24.74410027,132.3271449
11635,0,49.5290821,214.4958469,5,4,0,24.74410027,132.3271449
11645,0,121.0309252,905.8664492,7,5,1,24.74410027,132.3271449
11673,0,153.3058386,153.3058386,1,0,0,24.74410027,132.3271449
11739,0,76.2494829,76.2494829,1,0,0,24.74410027,132.3271449
11745,0,56.48109844,56.48109844,1,0,0,24.74410027,132.3271449
11789,0,73.96280528,73.96280528,1,0,0,24.74410027,132.3271449
11815,0,72.61855514,72.61855514,1,0,0,24.74410027,132.3271449
11819,0,1613.74567,1613.74567,1,0,0,24.74410027,132.3271449
11855,0,44.37800592,56.48109844,2,1,0,24.74410027,132.3271449
11873,0,79.88041065,79.88041065,1,0,0,24.74410027,132.3271449
11877,0,88.75601184,88.75601184,1,0,0,24.74410027,132.3271449
11951,0,100.7945545,251.8556729,3,1,1,24.74410027,132.3271449
12097,0,40.34364174,40.34364174,1,0,0,24.74410027,132.3271449
12147,0,201.7182087,242.0618505,2,1,0,24.74410027,132.3271449
12175,0,128.2927807,128.2927807,1,0,0,24.74410027,132.3271449
12179,0,322.7491339,322.7491339,1,0,0,24.74410027,132.3271449
12211,0,161.374567,161.374567,1,0,0,24.74410027,132.3271449
12247,0,282.4054922,282.4054922,1,0,0,24.74410027,132.3271449
12297,0,274.3367639,274.3367639,1,0,0,24.74410027,132.3271449
12323,0,129.0996536,129.0996536,1,0,0,24.74410027,132.3271449
12369,0,39.53676891,39.53676891,1,0,0,24.74410027,132.3271449
12421,0,141.2027461,141.2027461,1,0,0,24.74410027,132.3271449
12425,0,153.3058386,153.3058386,1,0,0,24.74410027,132.3271449
12473,0,56.48109844,169.4432953,2,1,0,24.74410027,132.3271449
12525,0,32.27491339,32.27491339,1,0,0,24.74410027,132.3271449
12567,0,153.3058386,153.3058386,1,0,0,24.74410027,132.3271449
12599,0,121.0309252,121.0309252,1,0,0,24.74410027,132.3271449
12609,0,193.6494804,193.6494804,1,0,0,24.74410027,132.3271449
12615,0,121.0309252,121.0309252,1,0,0,24.74410027,132.3271449
9285,0,153.3058386,153.3058386,1,0,0,24.74410027,132.3271449
12635,0,73.96280528,73.96280528,1,0,0,24.74410027,132.3271449
3823,0,129.0996536,290.4742206,2,0,1,24.74410027,132.3271449
12665,0,266.2680355,508.329886,2,1,0,24.74410027,132.3271449
12671,0,371.161504,371.161504,1,0,0,24.74410027,132.3271449
12673,0,121.0309252,233.9931221,2,1,0,24.74410027,132.3271449
12693,0,24.20618505,24.20618505,1,0,0,24.74410027,132.3271449
12685,0,44.37800592,44.37800592,1,0,0,24.74410027,132.3271449
12705,0,45.99175159,45.99175159,1,0,0,24.74410027,132.3271449
11379,0,40.34364174,40.34364174,1,0,0,24.74410027,132.3271449
12757,0,121.0309252,121.0309252,1,0,0,24.74410027,132.3271449
12767,0,56.48109844,56.48109844,1,0,0,24.74410027,132.3271449
12771,0,32.27491339,32.27491339,1,0,0,24.74410027,132.3271449
12785,0,80.68728349,80.68728349,1,0,0,24.74410027,132.3271449
12823,0,112.9621969,112.9621969,1,0,0,24.74410027,132.3271449
12877,0,160.5676941,160.5676941,1,0,0,24.74410027,132.3271449
12925,0,80.68728349,80.68728349,1,0,0,24.74410027,132.3271449
12927,0,153.3058386,153.3058386,1,0,0,24.74410027,132.3271449
12959,0,213.0144284,217.8556654,2,1,0,24.74410027,132.3271449
12985,0,129.0996536,129.0996536,1,0,0,24.74410027,132.3271449
12999,0,338.8865906,338.8865906,1,0,0,24.74410027,132.3271449
13075,0,121.0309252,121.0309252,1,0,0,24.74410027,132.3271449
13093,0,72.61855514,271.1092725,3,2,0,24.74410027,132.3271449
13109,0,204.7439818,310.6460414,2,1,0,24.74410027,132.3271449
13169,0,52.44673427,52.44673427,1,0,0,24.74410027,132.3271449
13123,0,250.1305788,379.2302324,2,1,0,24.74410027,132.3271449
13157,0,153.3058386,153.3058386,1,0,0,24.74410027,132.3271449
13159,0,56.48109844,181.5463878,2,0,1,24.74410027,132.3271449
13163,0,225.9243938,290.4742206,2,1,0,24.74410027,132.3271449
13219,0,28.07917465,28.07917465,1,0,0,24.74410027,132.3271449
13179,0,45.99175159,126.6790351,2,1,0,24.74410027,132.3271449
13181,0,116.9965611,116.9965611,1,0,0,24.74410027,132.3271449
13205,0,346.955319,346.955319,1,0,0,24.74410027,132.3271449
13239,0,206.5594457,1029.569737,2,0,1,24.74410027,132.3271449
13251,0,282.4054922,282.4054922,1,0,0,24.74410027,132.3271449
13267,0,427.6426025,427.6426025,1,0,0,24.74410027,132.3271449
13273,0,121.0309252,121.0309252,1,0,0,24.74410027,132.3271449
13309,0,32.27491339,32.27491339,1,0,0,24.74410027,132.3271449
13327,0,38.40714694,38.40714694,1,0,0,24.74410027,132.3271449
13335,0,60.51546262,60.51546262,1,0,0,24.74410027,132.3271449
13349,0,250.1305788,250.1305788,1,0,0,24.74410027,132.3271449
13371,0,153.3058386,153.3058386,1,0,0,24.74410027,132.3271449
13413,0,44.37800592,44.37800592,1,0,0,24.74410027,132.3271449
13433,0,153.3058386,153.3058386,1,0,0,24.74410027,132.3271449
13455,0,153.3058386,153.3058386,1,0,0,24.74410027,132.3271449
13539,0,137.1683819,137.1683819,1,0,0,24.74410027,132.3271449
13555,1,643.5617731,3066.521285,4,1,2,72.08063992,691.7589771
13572,0,175.898278,272.7230182,2,1,0,24.74410027,132.3271449
13600,0,225.9243938,753.0140731,3,2,0,24.74410027,132.3271449
13602,0,112.9621969,112.9621969,1,0,0,24.74410027,132.3271449
13658,0,137.1683819,137.1683819,1,0,0,24.74410027,132.3271449
13732,0,64.54982679,64.54982679,1,0,0,24.74410027,132.3271449
13742,0,47.60549726,47.60549726,1,0,0,24.74410027,132.3271449
13754,0,556.7422561,556.7422561,1,0,0,24.74410027,132.3271449
13772,0,16.1374567,16.1374567,1,0,0,24.74410027,132.3271449
7081,0,56.48109844,56.48109844,1,0,0,24.74410027,132.3271449
13836,0,968.2474018,968.2474018,1,0,0,24.74410027,132.3271449
13840,0,121.0309252,772.9841758,2,1,0,24.74410027,132.3271449
13944,0,96.82474018,96.82474018,1,0,0,24.74410027,132.3271449
13968,0,169.4432953,326.7834981,4,3,0,24.74410027,132.3271449
13988,0,135.5546363,135.5546363,1,0,0,24.74410027,132.3271449
11121,0,118.6103067,118.6103067,1,0,0,24.74410027,132.3271449
41685,0,137.1683819,435.7113308,3,1,1,24.74410027,132.3271449
14056,0,80.57270754,80.57270754,1,0,0,24.74410027,132.3271449
14074,0,16.1374567,16.1374567,1,0,0,24.74410027,132.3271449
14078,0,80.68728349,80.68728349,1,0,0,24.74410027,132.3271449
14126,0,18.5580752,91.17663034,2,1,0,24.74410027,132.3271449
14204,0,161.374567,258.1993072,3,2,0,24.74410027,132.3271449
14168,0,216.2419197,216.2419197,1,0,0,24.74410027,132.3271449
14176,0,80.68728349,80.68728349,1,0,0,24.74410027,132.3271449
14240,0,306.6116773,355.0240473,2,0,1,24.74410027,132.3271449
14269,0,80.68728349,80.68728349,1,0,0,24.74410027,132.3271449
14289,0,156.53333,156.53333,1,0,0,24.74410027,132.3271449
14297,0,153.3058386,153.3058386,1,0,0,24.74410027,132.3271449
14309,0,121.0309252,217.8556654,2,0,1,24.74410027,132.3271449
14327,0,76.65291931,76.65291931,1,0,0,24.74410027,132.3271449
14345,0,40.34364174,40.34364174,1,0,0,24.74410027,132.3271449
14373,0,28.24054922,28.24054922,1,0,0,24.74410027,132.3271449
14419,0,87.14226617,87.14226617,1,0,0,24.74410027,132.3271449
14449,0,306.6116773,306.6116773,1,0,0,24.74410027,132.3271449
14479,0,314.6804056,314.6804056,1,0,0,24.74410027,132.3271449
14593,0,225.9243938,225.9243938,1,0,0,24.74410027,132.3271449
14697,0,645.4982679,645.4982679,1,0,0,24.74410027,132.3271449
14701,0,56.48109844,56.48109844,1,0,0,24.74410027,132.3271449
14705,0,32.27491339,32.27491339,1,0,0,24.74410027,132.3271449
14709,0,701.9793663,1407.993097,7,6,0,24.74410027,132.3271449
14729,0,96.82474018,96.82474018,1,0,0,24.74410027,132.3271449
14731,0,201.7182087,201.7182087,1,0,0,24.74410027,132.3271449
14563,0,56.48109844,56.48109844,1,0,0,24.74410027,132.3271449
14859,0,88.75601184,88.75601184,1,0,0,24.74410027,132.3271449
14889,0,80.68728349,80.68728349,1,0,0,24.74410027,132.3271449
14891,0,145.2371103,246.0962146,4,3,0,24.74410027,132.3271449
14955,0,145.2371103,145.2371103,1,0,0,24.74410027,132.3271449
14999,0,645.4982679,645.4982679,1,0,0,24.74410027,132.3271449
14975,0,24.20618505,209.7869371,2,1,0,24.74410027,132.3271449
14987,0,322.7491339,556.7422561,3,2,0,24.74410027,132.3271449
15041,0,1081.209599,2443.210944,4,3,0,24.74410027,132.3271449
15063,0,48.41237009,48.41237009,1,0,0,24.74410027,132.3271449
15127,0,133.1340178,133.1340178,1,0,0,24.74410027,132.3271449
15241,0,283.212365,418.3216075,3,1,1,24.74410027,132.3271449
15219,0,44.37800592,44.37800592,1,0,0,24.74410027,132.3271449
15329,0,32.27491339,32.27491339,1,0,0,24.74410027,132.3271449
15311,0,242.0618505,242.0618505,1,0,0,24.74410027,132.3271449
15315,0,153.3058386,153.3058386,1,0,0,24.74410027,132.3271449
15391,0,137.1683819,137.1683819,1,0,0,24.74410027,132.3271449
15453,0,45.70127737,45.70127737,1,0,0,24.74410027,132.3271449
15489,0,104.8934685,104.8934685,1,0,0,24.74410027,132.3271449
15539,0,56.48109844,56.48109844,1,0,0,24.74410027,132.3271449
15571,0,116.9965611,116.9965611,1,0,0,24.74410027,132.3271449
6459,0,322.7491339,322.7491339,1,0,0,24.74410027,132.3271449
15613,0,48.41237009,88.75601184,2,1,0,24.74410027,132.3271449
15673,0,157.3402028,157.3402028,1,0,0,24.74410027,132.3271449
15733,0,143.6233646,143.6233646,1,0,0,24.74410027,132.3271449
15739,0,176.7051508,176.7051508,1,0,0,24.74410027,132.3271449
15773,0,72.61855514,72.61855514,1,0,0,24.74410027,132.3271449
15781,0,121.0309252,121.0309252,1,0,0,24.74410027,132.3271449
15787,0,225.9243938,338.8865906,2,1,0,24.74410027,132.3271449
15957,0,129.0996536,129.0996536,1,0,0,24.74410027,132.3271449
15961,0,215.4350469,215.4350469,1,0,0,24.74410027,132.3271449
15975,0,387.2989607,387.2989607,1,0,0,24.74410027,132.3271449
15991,0,153.3058386,290.4742206,2,1,0,24.74410027,132.3271449
16037,0,153.3058386,153.3058386,1,0,0,24.74410027,132.3271449
16079,0,36.30927757,36.30927757,1,0,0,24.74410027,132.3271449
16083,0,645.4982679,645.4982679,1,0,0,24.74410027,132.3271449
16121,0,129.0996536,129.0996536,1,0,0,24.74410027,132.3271449
16149,0,33.61916354,33.61916354,1,0,0,24.74410027,132.3271449
16161,0,48.41237009,48.41237009,1,0,0,24.74410027,132.3271449
16179,0,48.41237009,48.41237009,1,0,0,24.74410027,132.3271449
16211,0,80.68728349,80.68728349,1,0,0,24.74410027,132.3271449
16247,0,177.5120237,177.5120237,1,0,0,24.74410027,132.3271449
16283,0,233.9931221,233.9931221,1,0,0,24.74410027,132.3271449
16321,0,87.949139,518.01236,4,3,0,24.74410027,132.3271449
16341,0,242.0618505,242.0618505,1,0,0,24.74410027,132.3271449
16605,0,153.3058386,153.3058386,1,0,0,24.74410027,132.3271449
16683,0,104.8934685,104.8934685,1,0,0,24.74410027,132.3271449
5167,0,104.8934685,104.8934685,1,0,0,24.74410027,132.3271449
16811,0,125.8721622,1007.380734,6,4,1,24.74410027,132.3271449
16853,0,153.3058386,153.3058386,1,0,0,24.74410027,132.3271449
16957,0,40.34364174,40.34364174,1,0,0,24.74410027,132.3271449
16961,0,290.4742206,290.4742206,1,0,0,24.74410027,132.3271449
17085,0,193.6494804,193.6494804,1,0,0,24.74410027,132.3271449
17123,0,40.34364174,235.6068678,2,1,0,24.74410027,132.3271449
17177,0,80.68728349,80.68728349,1,0,0,24.74410027,132.3271449
17253,0,153.3058386,153.3058386,1,0,0,24.74410027,132.3271449
17427,0,112.9621969,112.9621969,1,0,0,24.74410027,132.3271449
17599,0,104.8934685,104.8934685,1,0,0,24.74410027,132.3271449
17609,0,403.4364174,403.4364174,1,0,0,24.74410027,132.3271449
17715,0,193.6494804,193.6494804,1,0,0,24.74410027,132.3271449
17761,0,193.6494804,242.0618505,2,1,0,24.74410027,132.3271449
17773,0,80.68728349,80.68728349,1,0,0,24.74410027,132.3271449
17859,0,96.82474018,231.3030081,2,1,0,24.74410027,132.3271449
17863,0,40.34364174,40.34364174,1,0,0,24.74410027,132.3271449
17877,0,476.0549726,476.0549726,1,0,0,24.74410027,132.3271449
17949,0,153.3058386,153.3058386,1,0,0,24.74410027,132.3271449
18001,0,238.0274863,418.7670013,3,1,1,24.74410027,132.3271449
18049,0,64.54982679,64.54982679,1,0,0,24.74410027,132.3271449
18085,0,36.30927757,36.30927757,1,0,0,24.74410027,132.3271449
18091,0,47.60549726,128.2927807,3,2,0,24.74410027,132.3271449
18153,0,26.62680355,26.62680355,1,0,0,24.74410027,132.3271449
18189,0,96.82474018,96.82474018,1,0,0,24.74410027,132.3271449
18215,0,645.4982679,645.4982679,1,0,0,24.74410027,132.3271449
17795,0,282.4054922,282.4054922,1,0,0,24.74410027,132.3271449
18339,0,322.7491339,322.7491339,1,0,0,24.74410027,132.3271449
16245,0,19.36494804,19.36494804,1,0,0,24.74410027,132.3271449
18399,0,40.34364174,40.34364174,1,0,0,24.74410027,132.3271449
18469,0,193.6494804,193.6494804,1,0,0,24.74410027,132.3271449
18481,0,64.54982679,145.2371103,2,1,0,24.74410027,132.3271449
18493,0,112.9621969,161.374567,2,1,0,24.74410027,132.3271449
18553,0,31.46804056,31.46804056,1,0,0,24.74410027,132.3271449
18589,0,48.41237009,298.5429489,3,2,0,24.74410027,132.3271449
18645,0,32.27491339,32.27491339,1,0,0,24.74410027,132.3271449
18715,0,145.4791721,145.4791721,1,0,0,24.74410027,132.3271449
18719,0,80.68728349,80.68728349,1,0,0,24.74410027,132.3271449
18733,0,63.74295396,63.74295396,1,0,0,24.74410027,132.3271449
18801,0,154.9195843,154.9195843,1,0,0,24.74410027,132.3271449
18809,0,141.2027461,141.2027461,1,0,0,24.74410027,132.3271449
18851,0,96.82474018,96.82474018,1,0,0,24.74410027,132.3271449
18887,0,177.5120237,177.5120237,1,0,0,24.74410027,132.3271449
19011,0,64.54982679,64.54982679,1,0,0,24.74410027,132.3271449
19023,0,290.4742206,290.4742206,1,0,0,24.74410027,132.3271449
19067,0,268.688654,268.688654,1,0,0,24.74410027,132.3271449
19233,0,80.68728349,80.68728349,1,0,0,24.74410027,132.3271449
19337,0,88.75601184,88.75601184,1,0,0,24.74410027,132.3271449
19349,0,174.2845323,174.2845323,1,0,0,24.74410027,132.3271449
19369,0,238.0274863,238.0274863,1,0,0,24.74410027,132.3271449
15355,0,129.0996536,129.0996536,1,0,0,24.74410027,132.3271449
19457,0,161.374567,161.374567,1,0,0,24.74410027,132.3271449
19479,0,64.54982679,64.54982679,1,0,0,24.74410027,132.3271449
19499,0,217.8556654,217.8556654,1,0,0,24.74410027,132.3271449
19569,0,161.374567,177.5120237,2,1,0,24.74410027,132.3271449
19573,0,121.0309252,242.0618505,2,1,0,24.74410027,132.3271449
19717,0,64.54982679,64.54982679,1,0,0,24.74410027,132.3271449
19775,0,56.48109844,56.48109844,1,0,0,24.74410027,132.3271449
19859,0,153.3058386,268.2852176,2,1,0,24.74410027,132.3271449
19965,0,145.2371103,145.2371103,1,0,0,24.74410027,132.3271449
20025,0,104.8934685,104.8934685,1,0,0,24.74410027,132.3271449
20053,0,40.34364174,40.34364174,1,0,0,24.74410027,132.3271449
20207,0,88.75601184,88.75601184,1,0,0,24.74410027,132.3271449
20405,0,153.3058386,153.3058386,1,0,0,24.74410027,132.3271449
20419,0,63.74295396,63.74295396,1,0,0,24.74410027,132.3271449
20427,0,121.0309252,677.7731813,5,4,0,24.74410027,132.3271449
20443,0,40.34364174,677.7731813,2,1,0,24.74410027,132.3271449
20475,0,145.2371103,145.2371103,1,0,0,24.74410027,132.3271449
20505,0,104.8934685,133.9408906,2,1,0,24.74410027,132.3271449
20585,0,67.21250715,67.21250715,1,0,0,24.74410027,132.3271449
20599,0,84.72164766,84.72164766,1,0,0,24.74410027,132.3271449
20627,0,48.41237009,48.41237009,1,0,0,24.74410027,132.3271449
20671,0,338.8865906,338.8865906,1,0,0,24.74410027,132.3271449
20679,0,145.2371103,145.2371103,1,0,0,24.74410027,132.3271449
20689,0,88.75601184,88.75601184,1,0,0,24.74410027,132.3271449
20901,0,274.3367639,274.3367639,1,0,0,24.74410027,132.3271449
20933,0,121.0309252,121.0309252,1,0,0,24.74410027,132.3271449
20953,0,44.37800592,44.37800592,1,0,0,24.74410027,132.3271449
2545,0,258.1993072,258.1993072,1,0,0,24.74410027,132.3271449
21057,0,363.0927757,363.0927757,1,0,0,24.74410027,132.3271449
21079,0,47.60549726,165.9479222,3,1,1,24.74410027,132.3271449
21093,0,371.161504,371.161504,1,0,0,24.74410027,132.3271449
21151,0,193.6494804,193.6494804,1,0,0,24.74410027,132.3271449
21323,0,579.5477099,795.089264,4,3,0,24.74410027,132.3271449
21351,0,88.75601184,88.75601184,1,0,0,24.74410027,132.3271449
21369,0,137.1683819,137.1683819,1,0,0,24.74410027,132.3271449
21399,0,145.2371103,145.2371103,1,0,0,24.74410027,132.3271449
21401,0,129.0996536,193.6494804,2,0,1,24.74410027,132.3271449
21483,0,484.1237009,2679.119582,19,17,1,24.74410027,132.3271449
21491,0,104.8934685,104.8934685,1,0,0,24.74410027,132.3271449
21715,0,64.54982679,258.1993072,2,1,0,24.74410027,132.3271449
21759,0,88.75601184,88.75601184,1,0,0,24.74410027,132.3271449
21867,0,48.41237009,48.41237009,1,0,0,24.74410027,132.3271449
21967,0,798.8041065,798.8041065,1,0,0,24.74410027,132.3271449
22055,0,32.27491339,32.27491339,1,0,0,24.74410027,132.3271449
22083,0,152.4989658,152.4989658,1,0,0,24.74410027,132.3271449
22127,0,147.8997906,147.8997906,1,0,0,24.74410027,132.3271449
22165,0,88.75601184,88.75601184,1,0,0,24.74410027,132.3271449
22219,0,160.5676941,160.5676941,1,0,0,24.74410027,132.3271449
22253,0,121.0309252,121.0309252,1,0,0,24.74410027,132.3271449
22307,0,161.374567,161.374567,1,0,0,24.74410027,132.3271449
22311,0,274.3367639,346.955319,3,2,0,24.74410027,132.3271449
22436,0,56.48109844,56.48109844,1,0,0,24.74410027,132.3271449
22472,0,104.8934685,104.8934685,1,0,0,24.74410027,132.3271449
22518,0,145.2371103,145.2371103,1,0,0,24.74410027,132.3271449
22528,0,34.29209548,510.3470681,3,1,1,24.74410027,132.3271449
22566,0,193.6494804,193.6494804,1,0,0,24.74410027,132.3271449
22640,0,104.8934685,125.0652894,2,1,0,24.74410027,132.3271449
22668,0,56.48109844,56.48109844,1,0,0,24.74410027,132.3271449
22742,0,153.3058386,153.3058386,1,0,0,24.74410027,132.3271449
22848,0,153.3058386,153.3058386,1,0,0,24.74410027,132.3271449
22880,0,72.61855514,364.0610231,5,4,0,24.74410027,132.3271449
22902,0,104.8934685,258.1993072,3,2,0,24.74410027,132.3271449
22910,0,201.7182087,1452.371103,5,4,0,24.74410027,132.3271449
22978,0,564.8109844,564.8109844,1,0,0,24.74410027,132.3271449
22990,0,137.1683819,137.1683819,1,0,0,24.74410027,132.3271449
23146,0,145.2371103,145.2371103,1,0,0,24.74410027,132.3271449
23238,0,96.82474018,96.82474018,1,0,0,24.74410027,132.3271449
23368,0,129.0996536,129.0996536,1,0,0,24.74410027,132.3271449
23416,0,141.2027461,141.2027461,1,0,0,24.74410027,132.3271449
23462,0,60.51546262,60.51546262,1,0,0,24.74410027,132.3271449
23474,0,166.6192404,166.6192404,1,0,0,24.74410027,132.3271449
23608,0,153.3058386,153.3058386,1,0,0,24.74410027,132.3271449
23632,0,173.0742231,240.4400361,3,2,0,24.74410027,132.3271449
12091,0,64.54982679,64.54982679,1,0,0,24.74410027,132.3271449
23726,0,129.0996536,368.7408855,2,1,0,24.74410027,132.3271449
23900,0,500.2611576,500.2611576,1,0,0,24.74410027,132.3271449
24046,0,137.1683819,137.1683819,1,0,0,24.74410027,132.3271449
24122,0,88.75601184,88.75601184,1,0,0,24.74410027,132.3271449
24130,0,161.374567,161.374567,1,0,0,24.74410027,132.3271449
24152,0,121.0309252,121.0309252,1,0,0,24.74410027,132.3271449
24254,0,40.34364174,40.34364174,1,0,0,24.74410027,132.3271449
24262,0,82.70446557,82.70446557,1,0,0,24.74410027,132.3271449
24274,0,546.8580638,546.8580638,1,0,0,24.74410027,132.3271449
24324,0,258.1993072,563.1972387,4,3,0,24.74410027,132.3271449
11161,0,80.68728349,80.68728349,1,0,0,24.74410027,132.3271449
24538,0,153.3058386,153.3058386,1,0,0,24.74410027,132.3271449
24574,0,48.41237009,48.41237009,1,0,0,24.74410027,132.3271449
24602,0,32.27491339,32.27491339,1,0,0,24.74410027,132.3271449
24620,0,217.8556654,217.8556654,1,0,0,24.74410027,132.3271449
12107,0,217.8556654,217.8556654,1,0,0,24.74410027,132.3271449
24676,0,45.18487875,90.36975751,2,1,0,24.74410027,132.3271449
24716,0,193.6494804,193.6494804,1,0,0,24.74410027,132.3271449
24774,0,282.4054922,282.4054922,1,0,0,24.74410027,132.3271449
24820,0,137.1683819,155.3230207,2,1,0,24.74410027,132.3271449
24860,0,125.0652894,338.8865906,3,1,1,24.74410027,132.3271449
24892,0,96.82474018,96.82474018,1,0,0,24.74410027,132.3271449
24916,0,197.6838445,197.6838445,1,0,0,24.74410027,132.3271449
24948,0,33.61916354,33.61916354,1,0,0,24.74410027,132.3271449
25018,0,141.2027461,247.1048057,2,1,0,24.74410027,132.3271449
25038,0,48.41237009,48.41237009,1,0,0,24.74410027,132.3271449
25112,0,96.82474018,403.4364174,4,0,3,24.74410027,132.3271449
25148,0,403.4364174,524.4673427,2,1,0,24.74410027,132.3271449
25214,0,153.3058386,153.3058386,1,0,0,24.74410027,132.3271449
25236,0,88.75601184,88.75601184,1,0,0,24.74410027,132.3271449
25290,0,80.68728349,147.2542924,2,1,0,24.74410027,132.3271449
25322,0,48.41237009,96.82474018,3,2,0,24.74410027,132.3271449
25328,0,56.48109844,56.48109844,1,0,0,24.74410027,132.3271449
25482,0,225.9243938,225.9243938,1,0,0,24.74410027,132.3271449
8091,0,96.82474018,96.82474018,1,0,0,24.74410027,132.3271449
25500,0,64.54982679,64.54982679,1,0,0,24.74410027,132.3271449
25528,0,84.72164766,148.2628834,2,1,0,24.74410027,132.3271449
25554,0,201.7182087,201.7182087,1,0,0,24.74410027,132.3271449
25572,0,78.26666498,78.26666498,1,0,0,24.74410027,132.3271449
25598,0,258.1993072,258.1993072,1,0,0,24.74410027,132.3271449
25648,0,40.34364174,40.34364174,1,0,0,24.74410027,132.3271449
25660,0,153.3058386,153.3058386,1,0,0,24.74410027,132.3271449
25676,0,72.61855514,92.79037601,2,1,0,24.74410027,132.3271449
25688,0,201.7182087,201.7182087,1,0,0,24.74410027,132.3271449
21951,1,53.79152232,623.981659,7,5,1,72.08063992,691.7589771
9429,0,40.34364174,363.452641,3,1,1,24.74410027,132.3271449
25704,0,89.15944825,89.15944825,1,0,0,24.74410027,132.3271449
25774,0,129.0996536,129.0996536,1,0,0,24.74410027,132.3271449
18995,0,153.3058386,153.3058386,1,0,0,24.74410027,132.3271449
6165,0,76.65291931,76.65291931,1,0,0,24.74410027,132.3271449
25962,0,161.374567,161.374567,1,0,0,24.74410027,132.3271449
26008,0,80.68728349,80.68728349,1,0,0,24.74410027,132.3271449
26066,0,80.68728349,340.3389618,3,0,2,24.74410027,132.3271449
26084,0,209.7869371,209.7869371,1,0,0,24.74410027,132.3271449
24114,0,413.1188915,413.1188915,1,0,0,24.74410027,132.3271449
26130,0,48.41237009,48.41237009,1,0,0,24.74410027,132.3271449
26200,0,64.54982679,64.54982679,1,0,0,24.74410027,132.3271449
26222,0,104.8934685,104.8934685,1,0,0,24.74410027,132.3271449
20409,0,201.7182087,353.0068653,2,1,0,24.74410027,132.3271449
26340,0,47.60549726,184.7738792,2,1,0,24.74410027,132.3271449
26410,0,193.6494804,193.6494804,1,0,0,24.74410027,132.3271449
26486,0,80.68728349,80.68728349,1,0,0,24.74410027,132.3271449
26490,0,56.48109844,56.48109844,1,0,0,24.74410027,132.3271449
26534,0,61.32233545,61.32233545,1,0,0,24.74410027,132.3271449
12411,0,112.9621969,427.6426025,3,0,2,24.74410027,132.3271449
26652,0,88.75601184,88.75601184,1,0,0,24.74410027,132.3271449
26814,0,64.54982679,64.54982679,1,0,0,24.74410027,132.3271449
26848,0,129.0996536,129.0996536,1,0,0,24.74410027,132.3271449
26896,0,104.8934685,104.8934685,1,0,0,24.74410027,132.3271449
26900,0,104.8934685,104.8934685,1,0,0,24.74410027,132.3271449
27018,0,80.68728349,149.2714745,2,1,0,24.74410027,132.3271449
27102,0,56.48109844,56.48109844,1,0,0,24.74410027,132.3271449
27114,0,88.75601184,88.75601184,1,0,0,24.74410027,132.3271449
27150,0,40.34364174,40.34364174,1,0,0,24.74410027,132.3271449
27254,0,80.68728349,80.68728349,1,0,0,24.74410027,132.3271449
2555,0,302.5773131,364.7065214,2,1,0,24.74410027,132.3271449
27536,0,125.0652894,125.0652894,1,0,0,24.74410027,132.3271449
27612,0,145.2371103,145.2371103,1,0,0,24.74410027,132.3271449
27624,0,24.20618505,24.20618505,1,0,0,24.74410027,132.3271449
27714,0,24.20618505,64.54982679,2,1,0,24.74410027,132.3271449
27988,0,153.3058386,153.3058386,1,0,0,24.74410027,132.3271449
28066,0,96.82474018,160.5676941,2,0,1,24.74410027,132.3271449
28164,0,72.61855514,72.61855514,1,0,0,24.74410027,132.3271449
28218,0,80.68728349,80.68728349,1,0,0,24.74410027,132.3271449
28274,0,152.4989658,152.4989658,1,0,0,24.74410027,132.3271449
28362,0,137.1683819,137.1683819,1,0,0,24.74410027,132.3271449
28444,0,96.82474018,96.82474018,1,0,0,24.74410027,132.3271449
5631,0,80.68728349,80.68728349,1,0,0,24.74410027,132.3271449
28510,0,96.82474018,233.9931221,2,0,1,24.74410027,132.3271449
28546,0,750.3917364,1315.202721,3,2,0,24.74410027,132.3271449
28622,0,142.4130554,142.4130554,1,0,0,24.74410027,132.3271449
28638,0,258.1993072,258.1993072,1,0,0,24.74410027,132.3271449
28760,0,141.2027461,352.2806797,3,0,2,24.74410027,132.3271449
28768,0,193.6494804,193.6494804,1,0,0,24.74410027,132.3271449
28804,0,137.1683819,137.1683819,1,0,0,24.74410027,132.3271449
28912,0,42.36082383,229.9587579,3,2,0,24.74410027,132.3271449
28948,0,161.374567,161.374567,1,0,0,24.74410027,132.3271449
28974,0,28.24054922,28.24054922,1,0,0,24.74410027,132.3271449
28464,0,137.1683819,137.1683819,1,0,0,24.74410027,132.3271449
29064,0,153.3058386,153.3058386,1,0,0,24.74410027,132.3271449
29164,0,250.1305788,250.1305788,1,0,0,24.74410027,132.3271449
29342,0,88.75601184,88.75601184,1,0,0,24.74410027,132.3271449
29358,0,15.33058386,15.33058386,1,0,0,24.74410027,132.3271449
29462,0,137.1683819,137.1683819,1,0,0,24.74410027,132.3271449
29334,0,112.9621969,112.9621969,1,0,0,24.74410027,132.3271449
29948,0,88.75601184,88.75601184,1,0,0,24.74410027,132.3271449
30044,0,282.4054922,363.0927757,2,1,0,24.74410027,132.3271449
30092,0,355.0240473,355.0240473,1,0,0,24.74410027,132.3271449
30144,0,87.949139,136.3615091,2,0,1,24.74410027,132.3271449
30194,0,141.2027461,247.1048057,2,1,0,24.74410027,132.3271449
30202,0,129.0996536,129.0996536,1,0,0,24.74410027,132.3271449
30276,0,121.0309252,685.8419096,3,2,0,24.74410027,132.3271449
30370,0,153.3058386,153.3058386,1,0,0,24.74410027,132.3271449
30556,0,161.374567,1050.911524,7,6,0,24.74410027,132.3271449
30616,0,112.9621969,201.7182087,2,0,1,24.74410027,132.3271449
30674,0,64.54982679,328.8006802,2,1,0,24.74410027,132.3271449
30682,0,88.75601184,88.75601184,1,0,0,24.74410027,132.3271449
30808,0,72.61855514,72.61855514,1,0,0,24.74410027,132.3271449
30894,0,112.9621969,931.9381243,4,1,2,24.74410027,132.3271449
30950,0,129.0996536,129.0996536,1,0,0,24.74410027,132.3271449
31118,0,15.60007939,15.60007939,1,0,0,24.74410027,132.3271449
31166,0,47.60549726,47.60549726,1,0,0,24.74410027,132.3271449
31174,0,72.61855514,72.61855514,1,0,0,24.74410027,132.3271449
31242,0,80.68728349,314.3576565,6,4,1,24.74410027,132.3271449
31440,0,64.54982679,64.54982679,1,0,0,24.74410027,132.3271449
31466,0,62.12759454,62.12759454,1,0,0,24.74410027,132.3271449
31480,0,137.1683819,338.8865906,2,1,0,24.74410027,132.3271449
31728,0,104.8934685,104.8934685,1,0,0,24.74410027,132.3271449
31774,1,968.2474018,968.2474018,1,0,0,72.08063992,691.7589771
31780,0,193.6494804,225.9243938,2,1,0,24.74410027,132.3271449
31790,0,80.68728349,109.7347055,2,1,0,24.74410027,132.3271449
31946,0,104.8934685,104.8934685,1,0,0,24.74410027,132.3271449
31952,0,137.1683819,137.1683819,1,0,0,24.74410027,132.3271449
32042,0,242.0618505,1428.164918,4,3,0,24.74410027,132.3271449
32046,0,161.374567,242.0618505,2,1,0,24.74410027,132.3271449
31444,0,72.21511872,72.21511872,1,0,0,24.74410027,132.3271449
32276,0,153.3058386,153.3058386,1,0,0,24.74410027,132.3271449
31530,0,290.4742206,290.4742206,1,0,0,24.74410027,132.3271449
32398,0,125.8721622,125.8721622,1,0,0,24.74410027,132.3271449
32506,0,154.9195843,580.9484411,7,6,0,24.74410027,132.3271449
32770,0,87.14226617,87.14226617,1,0,0,24.74410027,132.3271449
32828,0,125.8721622,125.8721622,1,0,0,24.74410027,132.3271449
33120,0,201.7182087,201.7182087,1,0,0,24.74410027,132.3271449
33366,0,145.2371103,145.2371103,1,0,0,24.74410027,132.3271449
33380,0,153.3058386,543.9936653,2,1,0,24.74410027,132.3271449
33462,0,116.3914064,1027.888214,5,2,2,24.74410027,132.3271449
33614,0,116.9965611,198.8941538,2,1,0,24.74410027,132.3271449
33634,0,782.6666498,782.6666498,1,0,0,24.74410027,132.3271449
33652,0,141.2027461,141.2027461,1,0,0,24.74410027,132.3271449
33712,0,32.27491339,32.27491339,1,0,0,24.74410027,132.3271449
33746,0,137.1683819,433.6941487,2,1,0,24.74410027,132.3271449
33788,0,685.8419096,685.8419096,1,0,0,24.74410027,132.3271449
33988,0,153.3058386,153.3058386,1,0,0,24.74410027,132.3271449
34122,0,403.4364174,403.4364174,1,0,0,24.74410027,132.3271449
34442,0,16.1374567,16.1374567,1,0,0,24.74410027,132.3271449
34556,0,72.61855514,72.61855514,1,0,0,24.74410027,132.3271449
34858,0,153.3058386,153.3058386,1,0,0,24.74410027,132.3271449
34870,0,201.7182087,201.7182087,1,0,0,24.74410027,132.3271449
14443,0,88.75601184,271.9161454,3,0,2,24.74410027,132.3271449
35122,0,193.6494804,193.6494804,1,0,0,24.74410027,132.3271449
35164,0,322.7491339,322.7491339,1,0,0,24.74410027,132.3271449
35200,1,1075.830446,1075.830446,1,0,0,72.08063992,691.7589771
35240,0,40.34364174,40.34364174,1,0,0,24.74410027,132.3271449
35254,0,72.61855514,72.61855514,1,0,0,24.74410027,132.3271449
35264,0,104.8934685,104.8934685,1,0,0,24.74410027,132.3271449
35280,0,72.61855514,306.6116773,3,2,0,24.74410027,132.3271449
35314,0,149.2714745,149.2714745,1,0,0,24.74410027,132.3271449
35466,0,80.68728349,80.68728349,1,0,0,24.74410027,132.3271449
35512,0,161.374567,161.374567,1,0,0,24.74410027,132.3271449
35534,0,149.2714745,483.3168281,3,1,1,24.74410027,132.3271449
35682,0,159.7608213,159.7608213,1,0,0,24.74410027,132.3271449
35828,0,92.79037601,92.79037601,1,0,0,24.74410027,132.3271449
35878,0,60.51546262,60.51546262,1,0,0,24.74410027,132.3271449
36104,0,29.04742206,29.04742206,1,0,0,24.74410027,132.3271449
36120,0,56.48109844,56.48109844,1,0,0,24.74410027,132.3271449
36150,0,121.0309252,121.0309252,1,0,0,24.74410027,132.3271449
36226,0,137.1683819,137.1683819,1,0,0,24.74410027,132.3271449
36390,0,88.75601184,88.75601184,1,0,0,24.74410027,132.3271449
36424,0,40.34364174,40.34364174,1,0,0,24.74410027,132.3271449
36494,0,121.0309252,266.2680355,3,2,0,24.74410027,132.3271449
36506,0,137.1683819,137.1683819,1,0,0,24.74410027,132.3271449
36562,0,128.2927807,128.2927807,1,0,0,24.74410027,132.3271449
36606,0,121.0309252,121.0309252,1,0,0,24.74410027,132.3271449
36923,1,996.1479886,996.1479886,1,0,0,72.08063992,691.7589771
36935,0,242.0618505,338.0797178,2,0,1,24.74410027,132.3271449
36955,0,157.3402028,157.3402028,1,0,0,24.74410027,132.3271449
37031,0,150.4817837,150.4817837,1,0,0,24.74410027,132.3271449
37037,0,80.68728349,80.68728349,1,0,0,24.74410027,132.3271449
37219,0,47.60549726,47.60549726,1,0,0,24.74410027,132.3271449
37285,0,17.75120237,171.057041,2,1,0,24.74410027,132.3271449
37299,0,161.374567,161.374567,1,0,0,24.74410027,132.3271449
37303,0,153.3058386,153.3058386,1,0,0,24.74410027,132.3271449
37339,0,161.374567,161.374567,1,0,0,24.74410027,132.3271449
37447,0,40.34364174,40.34364174,1,0,0,24.74410027,132.3271449
37475,0,645.4982679,1984.907174,4,3,0,24.74410027,132.3271449
36472,0,24.20618505,24.20618505,1,0,0,24.74410027,132.3271449
37947,0,1129.621969,3189.274615,3,2,0,24.74410027,132.3271449
38013,0,1412.027461,1412.027461,1,0,0,24.74410027,132.3271449
38037,0,121.0309252,242.0618505,2,1,0,24.74410027,132.3271449
38041,0,72.61855514,855.285205,5,4,0,24.74410027,132.3271449
38047,0,80.68728349,80.68728349,1,0,0,24.74410027,132.3271449
38055,0,48.41237009,48.41237009,1,0,0,24.74410027,132.3271449
37139,0,201.7182087,1113.484512,7,5,1,24.74410027,132.3271449
38081,0,80.68728349,171.3797901,2,1,0,24.74410027,132.3271449
38295,0,92.79037601,92.79037601,1,0,0,24.74410027,132.3271449
38373,0,112.155324,112.155324,1,0,0,24.74410027,132.3271449
38429,0,88.75601184,88.75601184,1,0,0,24.74410027,132.3271449
38653,0,125.8721622,125.8721622,1,0,0,24.74410027,132.3271449
38695,0,137.1683819,209.7869371,3,1,1,24.74410027,132.3271449
38727,0,51.43814322,246.0962146,3,2,0,24.74410027,132.3271449
38741,0,233.9931221,233.9931221,1,0,0,24.74410027,132.3271449
38797,0,84.72164766,181.5463878,3,2,0,24.74410027,132.3271449
38895,0,231.8952527,231.8952527,1,0,0,24.74410027,132.3271449
39031,0,193.6494804,225.9243938,2,1,0,24.74410027,132.3271449
39125,0,80.68728349,80.68728349,1,0,0,24.74410027,132.3271449
39137,0,90.77319392,90.77319392,1,0,0,24.74410027,132.3271449
39161,0,157.7436392,157.7436392,1,0,0,24.74410027,132.3271449
39167,0,533.6576243,1665.801878,11,8,2,24.74410027,132.3271449
39179,0,137.1683819,137.1683819,1,0,0,24.74410027,132.3271449
39197,0,40.34364174,40.34364174,1,0,0,24.74410027,132.3271449
39231,0,266.2680355,279.1780009,2,1,0,24.74410027,132.3271449
39295,0,129.0996536,129.0996536,1,0,0,24.74410027,132.3271449
39459,0,112.9621969,112.9621969,1,0,0,24.74410027,132.3271449
39517,0,177.5120237,177.5120237,1,0,0,24.74410027,132.3271449
39547,0,68.58419096,68.58419096,1,0,0,24.74410027,132.3271449
39573,0,48.41237009,72.61855514,2,1,0,24.74410027,132.3271449
39665,0,108.9278327,108.9278327,1,0,0,24.74410027,132.3271449
39693,1,537.9152232,537.9152232,1,0,0,72.08063992,691.7589771
31428,0,54.06047994,2323.63239,7,6,0,24.74410027,132.3271449
39995,0,128.2927807,128.2927807,1,0,0,24.74410027,132.3271449
40009,0,258.1993072,258.1993072,1,0,0,24.74410027,132.3271449
40059,0,12.10309252,12.10309252,1,0,0,24.74410027,132.3271449
40065,0,153.3058386,153.3058386,1,0,0,24.74410027,132.3271449
40097,0,242.0618505,363.0927757,3,2,0,24.74410027,132.3271449
40213,0,879.49139,918.2212861,2,1,0,24.74410027,132.3271449
40251,0,145.2371103,145.2371103,1,0,0,24.74410027,132.3271449
40275,0,82.30102916,82.30102916,1,0,0,24.74410027,132.3271449
40319,0,233.9931221,233.9931221,1,0,0,24.74410027,132.3271449
40383,0,48.41237009,48.41237009,1,0,0,24.74410027,132.3271449
40397,0,242.0618505,242.0618505,1,0,0,24.74410027,132.3271449
40545,0,24.20618505,24.20618505,1,0,0,24.74410027,132.3271449
32632,1,107.5830446,3254.387101,4,2,1,72.08063992,691.7589771
40645,0,145.2371103,145.2371103,1,0,0,24.74410027,132.3271449
40681,0,80.68728349,80.68728349,1,0,0,24.74410027,132.3271449
40761,0,52.44673427,52.44673427,1,0,0,24.74410027,132.3271449
40799,0,88.75601184,88.75601184,1,0,0,24.74410027,132.3271449
39215,0,47.60549726,47.60549726,1,0,0,24.74410027,132.3271449