client_id,predicted
56459,1
53455,1
66823,1
62556,1
58736,1
56137,1
54368,1
46603,1
66634,1
64625,1
35300,1
43386,1
63416,1
36092,1
63653,1
49777,1
40917,1
38960,1
51228,1
42087,1
33248,1
51169,1
59183,1
55211,1
45185,1
33659,1
43976,1
48745,1
61477,1
63947,1
45677,1
42385,1
64887,1
39494,1
57922,1
40643,1
55426,1
38206,1
57933,1
55487,1
48915,1
59193,1
33276,1
46345,1
40788,1
47358,1
44883,1
45691,1
62405,1
55747,1
36677,1
66797,1
56445,1
65023,1
53395,1
63891,1
54577,1
38483,1
54063,1
51243,1
52903,1
35265,1
39328,1
62636,1
54374,1
59437,1
44256,1
33737,1
64000,1
49752,1
56526,1
48079,1
60254,1
54972,1
34135,1
64389,1
54037,1
34317,1
58050,1
65941,1
64952,1
51553,1
48747,1
49594,1
35629,1
39439,1
67855,1
45119,1
66398,1
67103,1
55110,1
67775,1
44548,1
33606,1
43950,1
66726,1
43415,1
37563,1
52105,1
58804,1
59200,1
52106,1
58070,1
66062,1
63640,1
41651,1
62335,1
42691,1
37999,1
48507,1
62919,1
67888,1
65435,1
40464,1
60890,1
36726,1
65025,1
55939,1
45385,1
65943,1
49098,1
51579,1
49638,1
44350,1
56102,1
33987,1
67042,1
67836,1
38387,1
57377,1
57600,1
41528,1
67496,1
34158,1
58664,1
59289,1
67337,1
32920,1
56047,1
37328,1
37317,1
63643,1
66595,1
62667,1
66352,1
36788,1
37742,1
51681,1
68878,1
66155,1
68468,1
45177,1
56637,1
63989,1
56495,1
65666,1
53542,1
36231,1
41724,1
48148,1
46113,1
65517,1
56014,1
52846,1
61907,1
52593,1
68258,1
61141,1
32845,1
34145,1
53596,1
49543,1
58794,1
61101,1
67490,1
48740,1
33781,1
68582,1
34894,1
37216,1
42836,1
33133,1
39317,1
54954,1
59301,1
50435,1
55736,1
56376,1
53098,1
67025,1
56638,1
64012,1
41679,1
57083,1
61042,1
50332,1
55991,1
63426,1
67875,1
33054,1
57029,1
39111,1
47721,1
53152,1
50754,1
64897,1
37899,1
54223,1
40806,1
63362,1
48171,1
56833,1
48943,1
60277,1
39525,1
67268,1
36909,1
45060,1
43171,1
35790,1
34535,1
37585,1
64356,1
56029,1
66848,1
40567,1
45375,1
68573,1
54293,1
60788,1
33175,1
52483,1
60217,1
60976,1
64928,1
57569,1
36274,1
40404,1
52789,1
59685,1
66126,1
43102,1
43880,1
56652,1
42608,1
46322,1
65994,1
63053,1
54401,1
39360,1
40743,1
63651,1
41816,1
39750,1
51099,1
48436,1
62795,1
38818,1
58401,1
35378,1
55067,1
68437,1
48922,1
52629,1
35936,1
54896,1
56751,1
67236,1
55813,1
49211,1
53711,1
47405,1
61166,1
51472,1
36326,1
34635,1
40443,1
33654,1
47877,1
45192,1
56025,1
63213,1
68270,1
66199,1
48084,1
49188,1
52494,1
68534,1
53217,1
41742,1
64087,1
39464,1
46456,1
55138,1
55737,1
56616,1
58432,1
37666,1
44155,1
64798,1
33584,1
41853,1
47728,1
32783,1
45100,1
45239,1
54853,1
57691,1
51238,1
46815,1
65063,1
41699,1
48435,1
51462,1
43597,1
37341,1
62829,1
59327,1
37245,1
53162,1
66159,1
49922,1
59653,1
60493,1
60446,1
66512,1
51040,1
56565,1
52882,1
58963,1
49232,1
40225,1
55272,1
44023,1
60885,1
60054,1
48636,1
45290,1
35201,1
45607,1
60942,1
61837,1
59719,1
55804,1
36221,1
52306,1
52526,1
35675,1
38083,1
48881,1
61234,1
36797,1
51502,1
47769,1
57617,1
46684,1
48153,1
40606,1
55807,1
68104,1
32999,1
62767,1
32735,1
56676,1
55844,1
43940,1
39491,1
66276,1
44410,1
37987,1
53099,1
48224,1
38125,1
48746,1
49889,1
40616,1
55847,1
37557,1
47998,1
49941,1
37154,1
46441,1
42963,1
36964,1
43281,1
50014,1
56280,1
47848,1
60452,1
57527,1
38008,1
56242,1
68764,1
40325,1
40470,1
45982,1
51425,1
59892,1
38894,1
60688,1
35450,1
56367,1
37753,1
38402,1
54099,1
41799,1
49006,1
54339,1
53277,1
33718,1
51749,1
53506,1
39349,1
36428,1
39741,1
38635,1
54156,1
65491,1
59135,1
42850,1
61153,1
47223,1
67881,1
65337,1
32812,1
51488,1
67695,1
52778,1
44691,1
48984,1
41496,1
35970,1
68821,1
38040,1
63808,1
42711,1
42343,1
35442,1
52626,1
62122,1
45199,1
43730,1
33098,1
34787,1
46426,1
46503,1
46273,1
36279,1
39272,1
53641,1
37953,1
58483,1
62548,1
46326,1
57556,1
55299,1
55889,1
42094,1
53125,1
52843,1
44386,1
33502,1
55509,1
68816,1
51650,1
48149,1
38048,1
48914,1
40061,1
32889,1
63401,1
54023,1
58694,1
62378,1
47042,1
39907,1
62269,1
56199,1
38281,1
41890,1
63757,1
55940,1
43089,1
47289,1
34709,1
61836,1
52096,1
67840,1
66339,1
61747,1
50093,1
56831,1
51221,1
64934,1
53259,1
34604,1
63854,1
44959,1
50629,1
59918,1
59840,1
46453,1
48800,1
44020,1
52268,1
39501,1
66815,1
40377,1
39693,1
59775,1
64748,1
58659,1
36606,1
50873,1
42026,1
41690,1
64988,1
66280,1
45941,1
38680,1
56667,1
57307,1
38663,1
53766,1
54096,1
61346,1
63789,1
43915,1
45174,1
54345,1
44653,1
60648,1
44281,1
58170,1
62945,1
48638,1
61604,1
40883,1
43670,1
40055,1
45770,1
65034,1
62789,1
33934,1
49085,1
47843,1
43701,1
46836,1
49710,1
39211,1
61056,1
60013,1
63798,1
40223,1
38545,1
47640,1
44998,1
60743,1
60378,1
53189,1
48059,1
63519,1
34383,1
33212,1
63324,1
45644,1
66232,1
54925,1
64421,1
60150,1
54654,1
60899,1
60466,1
68865,1
63078,1
54020,1
67615,1
47291,1
62453,1
40729,1
51936,1
55555,1
63432,1
55896,1
57270,1
59329,1
68414,1
39391,1
68499,1
57462,1
35991,1
54463,1
37693,1
38697,1
38812,1
67355,1
43960,1
49576,1
60487,1
45497,1
54382,1
66706,1
66300,1
47438,1
52224,1
57244,1
61831,1
61214,1
57092,1
49730,1
46939,1
59116,1
67275,1
62576,1
56639,1
67864,1
64936,1
47003,1
53494,1
61818,1
45045,1
43113,1
43771,1
53225,1
56178,1
36708,1
42160,1
45435,1
38248,1
35070,1
54648,1
35666,1
62186,1
58340,1
54679,1
46093,1
48930,1
34169,1
55329,1
48940,1
53966,1
33689,1
56198,1
55482,1
58137,1
38135,1
68376,1
59790,1
35049,1
58281,1
35591,1
60075,1
61220,1
65012,1
40852,1
41554,1
66321,1
45163,1
47699,1
52467,1
32774,1
36465,1
48346,1
53388,1
40800,1
34343,1
52019,1
63096,1
41248,1
39091,1
68672,1
33230,1
55676,1
61968,1
58256,1
50941,1
44547,1
35301,1
55175,1
41726,1
48314,1
37771,1
35351,1
56233,1
65732,1
48826,1
55656,1
55222,1
48222,1
50805,1
62171,1
48961,1
58908,1
47695,1
34365,1
41129,1
37870,1
39998,1
52701,1
59759,1
41929,1
40342,1
43970,1
61240,1
38602,1
35955,1
67541,1
47906,1
38540,1
56446,1
53151,1
42817,1
46846,1
42527,1
40251,1
33431,1
62130,1
40686,1
57798,1
38182,1
50304,1
44933,1
48713,1
41879,1
40151,1
39837,1
68496,1
51356,1
56521,1
56681,1
61204,1
50243,1
42136,1
57192,1
53447,1
33134,1
50225,1
48716,1
34642,1
64210,1
34076,1
54545,1
65663,1
56438,1
33537,1
43896,1
49443,1
54716,1
41941,1
58862,1
54621,1
59605,1
65714,1
47634,1
48316,1
47180,1
46010,1
41359,1
44994,1
44239,1
63864,1
36458,1
62504,1
50601,1
53318,1
37868,1
45601,1
59239,1
32729,1
39856,1
52112,1
61372,1
53893,1
56716,1
42972,1
45637,1
61399,1
33851,1
47441,1
58423,1
46924,1
50367,1
67896,1
50586,1
68780,1
36564,1
67423,1
38185,1
52370,1
45929,1
36943,1
62163,1
44173,1
33063,1
65243,1
45454,1
46898,1
46743,1
60401,1
42462,1
58580,1
36470,1
34802,1
51583,1
62542,1
36646,1
47730,1
37457,1
68849,1
53575,1
58030,1
49508,1
41954,1
66410,1
62313,1
40359,1
49412,1
40842,1
59181,1
55168,1
63922,1
40775,1
65958,1
39571,1
46751,1
48288,1
36395,1
32758,1
58857,1
48419,1
61681,1
62946,1
68077,1
60907,1
38131,1
44069,1
37977,1
35566,1
41525,1
58673,1
68139,1
42689,1
61156,1
46263,1
35923,1
55519,1
66396,1
62772,1
53246,1
63550,1
61355,1
64465,1
57790,1
60650,1
39426,1
36303,1
66133,1
38579,1
33107,1
35785,1
41387,1
59999,1
46509,1
66160,1
53191,1
66228,1
37281,1
65492,1
47723,1
52888,1
47357,1
39224,1
49042,1
59064,1
44582,1
37401,1
46289,1
57251,1
59522,1
53412,1
59645,1
65161,1
55819,1
45005,1
34334,1
54763,1
51236,1
38103,1
66519,1
40650,1
63492,1
61728,1
43482,1
55602,1
68893,1
63829,1
33293,1
45058,1
38597,1
60621,1
50466,1
39094,1
62899,1
58971,1
64085,1
37164,1
59815,1
51848,1
37974,1
42232,1
67804,1
46128,1
42742,1
65377,1
60855,1
46716,1
41075,1
40030,1
66215,1
38535,1
43163,1
63966,1
60598,1
55924,1
33763,1
43174,1
66623,1
52740,1
42399,1
38700,1
40568,1
42271,1
53890,1
46272,1
59127,1
50555,1
61918,1
53353,1
68855,1
66064,1
42189,1
42586,1
68791,1
54012,1
48029,1
39150,1
43313,1
56506,1
57888,1
33127,1
40668,1
49877,1
38111,1
62174,1
34025,1
47962,1
39989,1
60052,1
42267,1
51138,1
34680,1
43294,1
54740,1
62756,1
33145,1
42764,1
39277,1
64708,1
68130,1
62276,1
65341,1
37309,1
58018,1
37605,1
67362,1
58797,1
53077,1
41468,1
62129,1
67827,1
43974,1
54394,1
42875,1
49512,1
42387,1
51798,1
33652,1
34599,1
66933,1
41258,1
68127,1
64276,1
63940,1
62316,1
44884,1
49105,1
41390,1
41437,1
46211,1
42626,1
38308,1
44899,1
62461,1
35593,1
40724,1
54652,1
66265,1
34617,1
61885,1
40564,1
48193,1
52652,1
59939,1
57197,1
49763,1
63802,1
45439,1
65957,1
67324,1
46987,1
61606,1
41839,1
47836,1
42572,1
51966,1
61307,1
55711,1
60858,1
37678,1
37525,1
41921,1
47430,1
39797,1
37745,1
32906,1
34689,1
43208,1
61938,1
43261,1
64736,1
52737,1
50717,1
37209,1
66743,1
57642,1
54649,1
48053,1
37165,1
36153,1
51365,1
56573,1
53772,1
53186,1
33091,1
64715,1
60826,1
63804,1
43418,1
53826,1
55390,1
38511,1
56291,1
55615,1
57447,1
58531,1
62855,1
37376,1
49265,1
38448,1
50204,1
62743,1
51090,1
34335,1
41306,1
53738,1
40290,1
59787,1
38452,1
53603,1
35992,1
46812,1
64827,1
51933,1
37031,1
34005,1
52756,1
64290,1
36004,1
35286,1
64600,1
40270,1
52263,1
45374,1
34662,1
42536,1
67844,1
62560,1
57587,1
40872,1
45690,1
68530,1
36367,1
55831,1
33815,1
66802,1
41514,1
60045,1
46005,1
64572,1
57356,1
62225,1
48319,1
48137,1
48374,1
54049,1
57020,1
67084,1
39802,1
53574,1
51857,1
36947,1
48395,1
63261,1
48116,1
51340,1
35396,1
58613,1
66059,1
62367,1
35828,1
38551,1
66141,1
63396,1
41991,1
56785,1
40499,1
61127,1
45878,1
46271,1
54367,1
62257,1
43760,1
56386,1
52369,1
48117,1
61305,1
61425,1
40185,1
57524,1
53037,1
46719,1
43445,1
60813,1
66233,1
49500,1
58754,1
67242,1
51144,1
65812,1
52858,1
67962,1
39872,1
36829,1
44839,1
39596,1
67525,1
43815,1
55194,1
61075,1
56687,1
41849,1
50609,1
63718,1
40029,1
44180,1
43714,1
51501,1
43201,1
62362,1
52023,1
49533,1
63223,1
50853,1
32980,1
51564,1
44803,1
40043,1
65934,1
53102,1
43855,1
64671,1
60478,1
55949,1
60126,1
62076,1
52695,1
43316,1
57780,1
45967,1
66926,1
43819,1
55758,1
59942,1
65719,1
65226,1
40075,1
62048,1
46742,1
35303,1
41523,1
56834,1
41118,1
59517,1
55926,1
42283,1
59698,1
65315,1
66959,1
40869,1
34942,1
59813,1
39773,1
44089,1
42325,1
68635,1
40727,1
50782,1
56250,1
45923,1
35052,1
34765,1
34352,1
52085,1
49705,1
59488,1
53636,1
63512,1
52743,1
44831,1
63573,1
57753,1
61965,1
43272,1
37055,1
58645,1
55508,1
45027,1
60747,1
63171,1
44480,1
59457,1
46687,1
48890,1
40263,1
50559,1
55563,1
66271,1
63664,1
47560,1
33480,1
43268,1
68017,1
47362,1
67153,1
45127,1
33932,1
53285,1
50897,1
47611,1
38293,1
47402,1
59937,1
49391,1
40642,1
35338,1
58262,1
36073,1
61641,1
56812,1
40530,1
65710,1
61919,1
38649,1
57601,1
50097,1
37263,1
52324,1
64995,1
36056,1
57185,1
35985,1
53390,1
33963,1
35934,1
39305,1
48815,1
43175,1
62953,1
56148,1
60799,1
35695,1
50033,1
49953,1
52801,1
52139,1
44795,1
55220,1
53361,1
43543,1
64868,1
53735,1
57630,1
49091,1
53019,1
54563,1
45226,1
61503,1
65466,1
54124,1
34567,1
65505,1
54359,1
36453,1
46783,1
56870,1
39878,1
60526,1
50173,1
52391,1
47119,1
50048,1
56499,1
36042,1
43484,1
41574,1
60061,1
51100,1
62277,1
39930,1
65665,1
67729,1
59742,1
65922,1
60703,1
59860,1
66130,1
54498,1
40022,1
66423,1
66116,1
62859,1
65003,1
41285,1
38307,1
55431,1
51024,1
64315,1
60626,1
52793,1
54227,1
67171,1
65508,1
58617,1
55796,1
45761,1
34496,1
39682,1
54106,1
35366,1
60139,1
66659,1
62967,1
43396,1
56076,1
37439,1
36678,1
34422,1
32945,1
67693,1
54295,1
63768,1
56656,1
52925,1
45282,1
68476,1
51004,1
66605,1
52125,1
64392,1
37978,1
47457,1
63125,1
65419,1
61995,1
60608,1
41421,1
38987,1
46714,1
49174,1
36594,1
39030,1
54889,1
65402,1
36659,1
36727,1
55133,1
42737,1
41111,1
49918,1
42551,1
48417,1
54755,1
64441,1
39269,1
45835,1
63819,1
56292,1
67764,1
40331,1
51381,1
53466,1
52902,1
43265,1
55087,1
67575,1
37323,1
57086,1
58821,1
66375,1
45011,1
57466,1
33450,1
67656,1
56270,1
38957,1
47238,1
46713,1
39975,1
67261,1
36438,1
49739,1
40133,1
53426,1
59405,1
52191,1
34771,1
65630,1
65532,1
64202,1
52471,1
52658,1
36456,1
53176,1
48376,1
62850,1
39486,1
34790,1
45812,1
38563,1
51051,1
52165,1
58068,1
61370,1
60888,1
50481,1
67304,1
68503,1
63179,1
41899,1
59712,1
54372,1
43737,1
37286,1
53615,1
60672,1
52999,1
37357,1
33962,1
34718,1
41274,1
40634,1
49247,1
62111,1
56988,1
57543,1
60785,1
48434,1
41484,1
38523,1
45078,1
49522,1
33121,1
47004,1
65735,1
34976,1
62329,1
44723,1
51191,1
67551,1
68630,1
41430,1
37565,1
41149,1
43754,1
46937,1
37173,1
48937,1
42139,1
42195,1
40627,1
49759,1
52350,1
35489,1
56110,1
34545,1
50709,1
53265,1
34898,1
57469,1
38467,1
47394,1
57383,1
37792,1
45488,1
48664,1
37258,1
53273,1
59363,1
35878,1
56691,1
63321,1
50280,1
59527,1
33820,1
50967,1
57934,1
59706,1
34688,1
57465,1
61636,1
49871,1
33541,1
54727,1
44411,1
44198,1
59228,1
65391,1
64931,1
63604,1
51613,1
42242,1
40519,1
45844,1
44322,1
33697,1
64343,1
50059,1
40833,1
42234,1
35478,1
35946,1
68113,1
41756,1
47257,1
45914,1
42807,1
38912,1
67200,1
67155,1
64393,1
67942,1
59507,1
47448,1
60950,1
59013,1
40905,1
63389,1
66836,1
38954,1
64367,1
35026,1
44453,1
52150,1
41339,1
63746,1
36952,1
60707,1
48989,1
61111,1
44988,1
55162,1
58748,1
50781,1
50234,1
38383,1
67701,1
65262,1
57207,1
38723,1
41138,1
42876,1
37444,1
61216,1
36161,1
41041,1
58345,1
45337,1
38362,1
48949,1
60390,1
44219,1
43835,1
48007,1
67926,1
40600,1
37720,1
50165,1
67613,1
50424,1
59616,1
55164,1
43327,1
59895,1
67830,1
64464,1
56069,1
45817,1
45406,1
67948,1
63884,1
68932,1
64813,1
39564,1
38830,1
55702,1
33084,1
38279,1
53396,1
42391,1
40350,1
62245,1
67094,1
65489,1
49275,1
52477,1
45833,1
45135,1
40878,1
39547,1
51094,1
51878,1
54732,1
43045,1
39099,1
36053,1
34632,1
41989,1
56194,1
63141,1
40071,1
41789,1
34048,1
63942,1
50919,1
41730,1
63323,1
58796,1
55125,1
46890,1
48323,1
44973,1
46105,1
67837,1
56336,1
61872,1
53604,1
52661,1
34794,1
50453,1
45539,1
44736,1
66091,1
64395,1
40807,1
51013,1
62716,1
55999,1
58476,1
48593,1
44404,1
45431,1
57789,1
45834,1
47687,1
53709,1
40963,1
64317,1
37350,1
43479,1
32888,1
35717,1
61491,1
61862,1
44932,1
67848,1
49428,1
51870,1
66644,1
41975,1
49882,1
58910,1
35779,1
41142,1
41259,1
64681,1
40992,1
65606,1
48351,1
58841,1
40431,1
33438,1
50865,1
41996,1
38946,1
44247,1
44779,1
57023,1
56893,1
53469,1
58472,1
54002,1
36094,1
57800,1
53937,1
51653,1
47167,1
52281,1
64149,1
67147,1
64471,1
62459,1
49643,1
44398,1
55915,1
67220,1
62261,1
47748,1
34763,1
68579,1
49128,1
35086,1
41210,1
57378,1
61638,1
68707,1
33139,1
50687,1
46146,1
43168,1
59229,1
46037,1
53163,1
37842,1
40924,1
54533,1
64191,1
52734,1
49604,1
52168,1
45313,1
57274,1
68594,1
67770,1
55703,1
49313,1
65384,1
45249,1
56238,1
46040,1
41170,1
44557,1
57637,1
43727,1
42697,1
35427,1
58620,1
48010,1
63370,1
56752,1
47063,1
57666,1
68324,1
38839,1
38124,1
42002,1
64650,1
32858,1
49964,1
56136,1
60691,1
68929,1
65347,1
48452,1
62155,1
39116,1
32899,1
47963,1
52640,1
41553,1
65145,1
67255,1
59676,1
47788,1
41538,1
38684,1
42437,1
51234,1
44784,1
50058,1
37983,1
34294,1
60064,1
50336,1
51744,1
36148,1
62533,1
45336,1
60736,1
46756,1
49071,1
47735,1
40347,1
44036,1
48744,1
49244,1
46986,1
58306,1
53409,1
37018,1
38306,1
59869,1
38323,1
42436,1
53773,1
45479,1
37982,1
46787,1
51317,1
49143,1
67418,1
55826,1
36983,1
53695,1
33648,1
39768,1
48936,1
38223,1
62820,1
52496,1
50534,1
48643,1
42557,1
37654,1
52375,1
63601,1
57246,1
53915,1
45659,1
60700,1
51276,1
48181,1
48654,1
36273,1
51469,1
53692,1
41478,1
51832,1
34837,1
53790,1
40770,1
51173,1
68498,1
58716,1
38705,1
47822,1
51088,1
49919,1
33158,1
52524,1
59563,1
37970,1
43844,1
40598,1
54697,1
57489,1
37908,1
65967,1
60864,1
33194,1
42174,1
39365,1
51714,1
36501,1
45795,1
64415,1
66707,1
52333,1
35019,1
52528,1
67144,1
51112,1
60509,1
67150,1
53252,1
68771,1
33964,1
61899,1
39498,1
34170,1
47964,1
41399,1
67504,1
43813,1
54180,1
51675,1
45503,1
49502,1
60077,1
37374,1
36518,1
43905,1
33317,1
38975,1
61916,1
55551,1
35873,1
67641,1
53105,1
40948,1
53919,1
44253,1
53005,1
50139,1
44650,1
66437,1
35038,1
66883,1
62897,1
50061,1
52462,1
35116,1
47133,1
54457,1
49618,1
39454,1
47775,1
57703,1
60424,1
37932,1
34398,1
46506,1
45482,1
59001,1
54974,1
55953,1
60762,1
59669,1
40866,1
53233,1
38367,1
53292,1
62875,1
55317,1
41457,1
38484,1
51811,1
58013,1
57895,1
51762,1
44558,1
49371,1
34661,1
67186,1
45824,1
58181,1
45683,1
67684,1
67766,1
66419,1
58280,1
48192,1
44881,1
41273,1
54081,1
35430,1
55205,1
59713,1
64925,1
59595,1
59841,1
46970,1
63764,1
39676,1
55011,1
54632,1
54735,1
60922,1
44603,1
55993,1
51625,1
35320,1
66728,1
54342,1
35181,1
43191,1
44385,1
42544,1
34623,1
67036,1
38017,1
34366,1
47881,1
66028,1
57017,1
56456,1
53634,1
32757,1
63467,1
59222,1
49336,1
37469,1
37933,1
45483,1
63290,1
59078,1
66024,1
41261,1
50428,1
34778,1
58751,1
61527,1
52568,1
54949,1
34792,1
51451,1
56578,1
46689,1
60924,1
48839,1
64731,1
54142,1
62063,1
67605,1
36573,1
35463,1
68752,1
43137,1
35980,1
67449,1
33668,1
36331,1
68385,1
48024,1
41603,1
67697,1
36591,1
36237,1
68078,1
36615,1
63083,1
54165,1
53165,1
48104,1
33093,1
47983,1
35706,1
43180,1
41319,1
67978,1
55032,1
36032,1
59470,1
35930,1
39740,1
51948,1
64505,1
34372,1
35505,1
53070,1
60758,1
50095,1
45254,1
66482,1
36796,1
45662,1
50733,1
42887,1
39805,1
63983,1
66898,1
41322,1
65808,1
41845,1
49112,1
63242,1
42699,1
44908,1
45252,1
66792,1
49160,1
60315,1
64390,1
55513,1
52641,1
67742,1
56747,1
38861,1
37036,1
42422,1
45890,1
61315,1
34071,1
55036,1
58161,1
34842,1
43937,1
40760,1
67165,1
33612,1
49695,1
68497,1
49256,1
46629,1
66108,1
38060,1
54095,1
35504,1
45585,1
65461,1
34517,1
45191,1
41564,1
52047,1
48398,1
64117,1
50326,1
40735,1
62222,1
55420,1
48069,1
42380,1
42115,1
44335,1
39029,1
49529,1
59863,1
68091,1
38785,1
62913,1
47993,1
55407,1
60168,1
43764,1
38027,1
60784,1
39193,1
40257,1
47551,1
33485,1
37311,1
62239,1
48483,1
41374,1
48833,1
35660,1
34972,1
63234,1
50518,1
37115,1
34200,1
38794,1
63250,1
60723,1
58856,1
48918,1
34915,1
32738,1
63475,1
57743,1
39291,1
47312,1
61176,1
60310,1
50773,1
67524,1
48605,1
58508,1
45899,1
66188,1
33748,1
50928,1
49088,1
56399,1
62150,1
35391,1
46279,1
59211,1
50716,1
46351,1
52639,1
40683,1
34010,1
66911,1
67037,1
54162,1
42240,1
60545,1
58456,1
39966,1
63304,1
46695,1
62744,1
52696,1
33108,1
50728,1
60099,1
65863,1
58759,1
58880,1
67007,1
61824,1
52555,1
56516,1
62008,1
51970,1
57487,1
60689,1
47609,1
34639,1
58717,1
49478,1
68500,1
37534,1
37673,1
36005,1
66056,1
38942,1
36116,1
58226,1
47635,1
64941,1
37713,1
62194,1
56648,1
38136,1
37682,1
57282,1
41666,1
43394,1
66273,1
55540,1
43411,1
41881,1
50089,1
57407,1
44751,1
40256,1
47715,1
65409,1
41803,1
37276,1
33917,1
55705,1
49014,1
54698,1
56801,1
59569,1
53000,1
44184,1
53715,1
49819,1
39289,1
67685,1
49796,1
54047,1
48067,1
48143,1
47505,1
55512,1
63642,1
47492,1
51305,1
68819,1
61758,1
39241,1
53802,1
39368,1
40168,1
36419,1
34574,1
37854,1
51568,1
43996,1
65201,1
43501,1
39725,1
50341,1
54814,1
53144,1
45930,1
47810,1
48379,1
50403,1
50619,1
35653,1
62458,1
57739,1
43834,1
32703,1
35531,1
55674,1
55842,1
59679,1
48098,1
47585,1
37506,1
41300,1
44129,1
63349,1
34861,1
62998,1
42684,1
55715,1
65423,1
39103,1
34507,1
38528,1
43816,1
62766,1
56430,1
50852,1
45480,1
54456,1
59480,1
66747,1
51078,1
61356,1
49133,1
38430,1
39542,1
44073,1
43744,1
45421,1
64487,1
34690,1
38679,1
68740,1
60900,1
33956,1
34827,1
47446,1
61456,1
32721,1
57118,1
40553,1
64216,1
53745,1
60850,1
60905,1
68736,1
67654,1
66939,1
46419,1
42349,1
41531,1
66260,1
66982,1
56933,1
37679,1
65250,1
38553,1
39801,1
46161,1
49946,1
59235,1
45643,1
47739,1
37458,1
64206,1
37699,1
50337,1
46550,1
34585,1
34498,1
67134,1
43602,1
33129,1
54937,1
59038,1
44811,1
51383,1
55851,1
52732,1
56703,1
39254,1
47654,1
54235,1
52329,1
64841,1
33907,1
46354,1
67187,1
61072,1
50222,1
58937,1
40455,1
42988,1
54119,1
37623,1
48923,1
40860,1
62522,1
57686,1
54035,1
45726,1
59109,1
39475,1
56698,1
38329,1
54264,1
39068,1
61256,1
33220,1
48233,1
37568,1
45148,1
67916,1
40688,1
56115,1
44970,1
53347,1
61941,1
59318,1
48196,1
38856,1
58543,1
39447,1
53465,1
49538,1
62901,1
61993,1
56588,1
44246,1
34733,1
50387,1
40641,1
46350,1
48736,1
48017,1
49649,1
61652,1
53505,1
66668,1
55942,1
48944,1
36257,1
44307,1
61649,1
67419,1
66353,1
37619,1
46410,1
44431,1
46202,1
54918,1
67492,1
49461,1
58772,1
44909,1
37952,1
33170,1
67786,1
46230,1
48684,1
52676,1
59761,1
59552,1
67809,1
64148,1
41545,1
40206,1
64594,1
50714,1
34789,1
46168,1
61585,1
49951,1
63702,1
62544,1
54336,1
41547,1
49782,1
44976,1
58865,1
39370,1
56546,1
68287,1
60714,1
57777,1
33476,1
51268,1
61402,1
68675,1
58422,1
66274,1
63828,1
66441,1
56421,1
47102,1
35402,1
41324,1
39203,1
62912,1
67250,1
56738,1
55178,1
55493,1
33277,1
56071,1
59714,1
60623,1
66415,1
40646,1
67235,1
39177,1
33114,1
50478,1
36008,1
63987,1
33629,1
41739,1
38221,1
63700,1
44671,1
55287,1
55072,1
53717,1
47025,1
47113,1
40539,1
63230,1
56968,1
63205,1
58687,1
36603,1
56641,1
53671,1
55369,1
59986,1
66268,1
47771,1
40400,1
38702,1
43780,1
40337,1
41650,1
66641,1
57530,1
66289,1
40977,1
33869,1
38813,1
62619,1
58812,1
34708,1
46950,1
68699,1
39352,1
62370,1
39755,1
63977,1
68690,1
55108,1
60327,1
53214,1
40210,1
63173,1
47938,1
39107,1
50680,1
43173,1
36873,1
66027,1
38885,1
44346,1
53389,1
40471,1
61484,1
35204,1
56786,1
65185,1
47491,1
62729,1
41067,1
32836,1
52027,1
53034,1
40387,1
59320,1
33357,1
32853,1
61539,1
56629,1
64929,1
60184,1
57620,1
48359,1
52930,1
48704,1
54174,1
54799,1
40832,1
57191,1
38208,1
68265,1
41216,1
60365,1
52775,1
42649,1
49409,1
56632,1
58149,1
47234,1
61650,1
57072,1
59938,1
42243,1
63123,1
46277,1
33807,1
39582,1
43596,1
41637,1
60473,1
40112,1
52397,1
51298,1
61720,1
62903,1
56643,1
59584,1
55805,1
58089,1
67665,1
56707,1
55444,1
41180,1
33319,1
62686,1
34676,1
49012,1
54693,1
48305,1
47856,1
53074,1
42392,1
44969,1
50983,1
43850,1
52933,1
42579,1
65803,1
36027,1
66442,1
47365,1
59224,1
65914,1
51961,1
58374,1
45592,1
34836,1
39869,1
54074,1
53453,1
33166,1
34111,1
48016,1
38868,1
39584,1
48063,1
43055,1
60037,1
44929,1
40811,1
36874,1
38531,1
61082,1
66858,1
62490,1
61487,1
60889,1
45218,1
46353,1
67445,1
46531,1
39480,1
37185,1
44739,1
64103,1
41518,1
53413,1
43380,1
32751,1
42563,1
37280,1
65310,1
46286,1
60069,1
67730,1
35922,1
67115,1
47696,1
58784,1
33924,1
47445,1
35013,1
43197,1
37236,1
40989,1
48816,1
40013,1
36385,1
44468,1
50124,1
34450,1
62935,1
41655,1
40039,1
51965,1
54956,1
58367,1
62199,1
52255,1
59397,1
63040,1
44641,1
68107,1
54952,1
44361,1
42005,1
34531,1
49050,1
54855,1
36925,1
35989,1
33817,1
68048,1
68329,1
36157,1
68293,1
54861,1
37465,1
59268,1
57495,1
37266,1
38978,1
42661,1
36882,1
34795,1
63614,1
67904,1
58186,1
60939,1
59874,1
58055,1
59365,1
66072,1
54655,1
68070,1
50400,1
43973,1
58077,1
66307,1
38351,1
64309,1
59650,1
45138,1
43791,1
63008,1
59625,1
36903,1
58482,1
59754,1
53723,1
67850,1
43118,1
59465,1
34731,1
62881,1
60548,1
68217,1
59166,1
40577,1
58047,1
46411,1
50208,1
33455,1
40179,1
53734,1
39735,1
66223,1
46871,1
45809,1
43471,1
57907,1
38610,1
55480,1
56487,1
54337,1
49403,1
54343,1
43906,1
62038,1
35423,1
57215,1
66794,1
36758,1
64339,1
50973,1
34069,1
60523,1
35126,1
44394,1
54122,1
64199,1
37283,1
41892,1
37481,1
44536,1
61702,1
39405,1
42964,1
45906,1
37734,1
61163,1
60476,1
49270,1
65535,1
47344,1
63933,1
40510,1
53224,1
57394,1
49841,1
57909,1
61970,1
41000,1
67860,1
40889,1
67320,1
63049,1
67505,1
59646,1
40654,1
55131,1
38509,1
55393,1
57505,1
56046,1
48431,1
36339,1
54244,1
34901,1
59464,1
55726,1
46314,1
40647,1
48339,1
41970,1
37719,1
42819,1
66712,1
39002,1
66348,1
33263,1
62934,1
67853,1
56917,1
50114,1
44267,1
49830,1
47683,1
35669,1
67269,1
65418,1
56452,1
49916,1
40376,1
59585,1
35438,1
49828,1
51758,1
50814,1
42707,1
65110,1
43100,1
68208,1
33274,1
65224,1
37680,1
44210,1
33436,1
61015,1
33232,1
63556,1
63448,1
36749,1
60574,1
32924,1
52073,1
37028,1
57231,1
32979,1
57343,1
33618,1
55464,1
66411,1
33828,1
58539,1
55759,1
40504,1
41032,1
41933,1
39126,1
57759,1
33701,1
64400,1
35236,1
47546,1
42007,1
51746,1
67384,1
33262,1
66796,1
42668,1
39270,1
49124,1
55354,1
58985,1
41405,1
58349,1
48220,1
43722,1
43039,1
51360,1
44360,1
67247,1
64563,1
32868,1
40176,1
45701,1
55226,1
33802,1
55234,1
50525,1
54722,1
61676,1
64517,1
47620,1
45725,1
47125,1
41505,1
66600,1
38913,1
43315,1
67938,1
34406,1
58236,1
60730,1
58129,1
53015,1
38880,1
48274,1
44393,1
60893,1
34719,1
61869,1
47812,1
50522,1
63249,1
33879,1
47391,1
37758,1
41291,1
33947,1
63466,1
55503,1
42769,1
51892,1
43064,1
45002,1
34546,1
50360,1
39821,1
37125,1
55294,1
56839,1
36150,1
59600,1
61524,1
55228,1
38595,1
48134,1
32756,1
57363,1
34057,1
44357,1
46145,1
49834,1
50749,1
58085,1
38325,1
66193,1
49285,1
34541,1
51680,1
43847,1
60791,1
58991,1
58465,1
49662,1
47213,1
63369,1
49690,1
36888,1
37042,1
49331,1
49795,1
65670,1
61117,1
44689,1
55970,1
67039,1
45826,1
49189,1
42166,1
43312,1
64359,1
38156,1
62964,1
63414,1
67861,1
64090,1
36332,1
44995,1
62042,1
37653,1
62061,1
36284,1
33219,1
54150,1
40859,1
33967,1
37645,1
59152,1
59027,1
49210,1
47862,1
36376,1
66609,1
46691,1
33664,1
36658,1
61703,1
60792,1
44532,1
33710,1
61772,1
59401,1
46056,1
36043,1
57758,1
32962,1
37260,1
59849,1
64403,1
61957,1
43276,1
66625,1
61070,1
62874,1
59566,1
64311,1
44337,1
32730,1
62538,1
35558,1
62760,1
43393,1
35326,1
36082,1
61886,1
62921,1
57628,1
59811,1
63471,1
59739,1
33972,1
65313,1
64540,1
43086,1
46387,1
32755,1
49141,1
41237,1
42516,1
33462,1
36057,1
66559,1
68624,1
32978,1
46397,1
36197,1
43361,1
34258,1
67971,1
48500,1
61547,1
68720,1
34108,1
40773,1
50504,1
65614,1
42122,1
48312,1
42484,1
62029,1
68528,1
44860,1
60334,1
33046,1
43545,1
50886,1
39323,1
44005,1
38600,1
37569,1
62932,1
39939,1
58307,1
51626,1
36774,1
36787,1
54812,1
56257,1
67068,1
65865,1
67725,1
55161,1
44904,1
44926,1
65765,1
37393,1
65697,1
53072,1
42746,1
61029,1
57872,1
47615,1
40834,1
63837,1
41837,1
35089,1
48874,1
60331,1
37442,1
60161,1
63243,1
39389,1
54947,1
41591,1
59824,1
42492,1
50147,1
35059,1
49171,1
51742,1
61903,1
63544,1
67519,1
44420,1
61383,1
50425,1
51197,1
37251,1
35150,1
46512,1
38294,1
34881,1
52883,1
40136,1
55037,1
58274,1
61074,1
52060,1
32896,1
58044,1
37259,1
59147,1
68040,1
59836,1
44809,1
40637,1
57501,1
49355,1
36448,1
55649,1
50707,1
39406,1
54890,1
64406,1
68057,1
40333,1
50266,1
61601,1
64909,1
33836,1
33824,1
33382,1
64329,1
53716,1
33350,1
63636,1
46682,1
36665,1
54600,1
38460,1
37068,1
46855,1
38198,1
64425,1
36885,1
34804,1
50565,1
46989,1
43340,1
45025,1
33007,1
46841,1
68495,1
49153,1
57423,1
45269,1
54109,1
49486,1
52937,1
50417,1
59668,1
40459,1
62880,1
47108,1
48504,1
37166,1
36012,1
44873,1
34526,1
50616,1
44204,1
49886,1
44780,1
63184,1
56780,1
60698,1
68688,1
57930,1
52470,1
65251,1
55895,1
47423,1
53908,1
49670,1
53993,1
52649,1
50656,1
38450,1
33320,1
43659,1
55809,1
34152,1
53387,1
34770,1
37920,1
41960,1
51017,1
63756,1
59951,1
66377,1
68915,1
41487,1
64109,1
39125,1
48701,1
68124,1
61065,1
45368,1
41727,1
33992,1
39723,1
56157,1
39081,1
51147,1
54840,1
42844,1
33976,1
62443,1
55469,1
59689,1
62617,1
60991,1
41512,1
66218,1
65329,1
42870,1
35431,1
61766,1
51627,1
65235,1
64320,1
44254,1
44706,1
61888,1
56865,1
66454,1
61245,1
67309,1
44384,1
33793,1
43058,1
53675,1
52012,1
34241,1
63279,1
46857,1
54246,1
41078,1
54399,1
62625,1
39225,1
47393,1
53183,1
35951,1
53559,1
37721,1
39016,1
54084,1
58140,1
68390,1
66221,1
42430,1
54601,1
61297,1
44760,1
59725,1
49913,1
38216,1
48278,1
33966,1
34583,1
60814,1
66994,1
43644,1
67905,1
38160,1
42365,1
52111,1
59671,1
36360,1
42565,1
62372,1
38677,1
39947,1
53643,1
45738,1
65584,1
61466,1
44581,1
52595,1
36867,1
45613,1
35075,1
38177,1
53113,1
59307,1
58720,1
56129,1
43008,1
66135,1
50476,1
56469,1
37143,1
65213,1
61138,1
55645,1
60960,1
62134,1
44034,1
47247,1
64763,1
58569,1
63943,1
56690,1
50355,1
57141,1
34451,1
44656,1
35686,1
66626,1
63103,1
66960,1
42545,1
64652,1
60457,1
35477,1
54815,1
59383,1
42802,1
44588,1
54408,1
42333,1
33833,1
64879,1
39347,1
60112,1
52009,1
57373,1
61457,1
68627,1
63411,1
60665,1
59606,1
43090,1
42863,1
37805,1
39622,1
49631,1
55706,1
65818,1
55765,1
45955,1
65683,1
52556,1
68565,1
49389,1
60755,1
51928,1
60319,1
68177,1
33260,1
38758,1
41125,1
48057,1
36645,1
49556,1
56861,1
46778,1
64145,1
65651,1
64565,1
48863,1
54312,1
66528,1
57301,1
44533,1
46525,1
54304,1
43728,1
51953,1
38590,1
62003,1
66928,1
59335,1
63186,1
32815,1
39058,1
39738,1
63704,1
68337,1
43304,1
53101,1
44222,1
50009,1
54767,1
38695,1
67260,1
37627,1
61841,1
58914,1
43838,1
34147,1
60803,1
64180,1
67121,1
62770,1
57810,1
50193,1
53538,1
53864,1
55141,1
54164,1
36446,1
36651,1
36475,1
43893,1
45275,1
53973,1
39647,1
52711,1
36334,1
66667,1
56985,1
33773,1
49558,1
63846,1
36226,1
63770,1
50951,1
36989,1
43106,1
39280,1
47305,1
46710,1
36648,1
63009,1
42852,1
52795,1
55576,1
38436,1
47288,1
61562,1
67179,1
33922,1
47314,1
66993,1
49087,1
66997,1
54907,1
53220,1
66092,1
48083,1
60389,1
39122,1
43919,1
45542,1
49791,1
38379,1
37996,1
63812,1
62387,1
47567,1
42748,1
35569,1
33489,1
63228,1
42735,1
63284,1
39666,1
47829,1
40805,1
49192,1
64249,1
55918,1
35832,1
49465,1
63965,1
34118,1
48341,1
53337,1
38227,1
40994,1
59896,1
44187,1
38369,1
58385,1
51429,1
54263,1
53463,1
46762,1
63515,1
43640,1
56403,1
58427,1
49872,1
33607,1
49960,1
46692,1
37360,1
63028,1
35545,1
57697,1
42383,1
56797,1
34364,1
53550,1
63445,1
65006,1
59917,1
53108,1
33198,1
39771,1
51821,1
40778,1
38353,1
52558,1
34602,1
33251,1
64257,1
59478,1
55985,1
39841,1
34269,1
58335,1
62083,1
56077,1
50915,1
34421,1
45855,1
56916,1
38565,1
61786,1
65860,1
37293,1
40145,1
68750,1
52466,1
44725,1
65448,1
67931,1
68209,1
64437,1
56329,1
49351,1
55625,1
66485,1
58425,1
52518,1
66778,1
43154,1
52848,1
37265,1
57234,1
45545,1
40795,1
42424,1
55692,1
48026,1
32958,1
57349,1
50772,1
32740,1
39442,1
62627,1
48327,1
42652,1
58989,1
45296,1
68354,1
68273,1
41823,1
63464,1
68650,1
50133,1
32912,1
42025,1
46118,1
65693,1
35130,1
48653,1
39281,1
46973,1
60406,1
55547,1
41380,1
38808,1
53288,1
51923,1
41860,1
38275,1
60230,1
46281,1
39214,1
67949,1
60415,1
38554,1
64383,1
61924,1
41046,1
37163,1
51145,1
45360,1
43296,1
60958,1
48283,1
66716,1
54239,1
37070,1
54702,1
57722,1
66729,1
46467,1
56247,1
48875,1
62311,1
45209,1
63919,1
48412,1
68042,1
47703,1
55031,1
38862,1
48742,1
54092,1
52472,1
34218,1
64667,1
39055,1
49235,1
42659,1
62632,1
39367,1
47068,1
53754,1
63309,1
57634,1
36763,1
68409,1
45788,1
39021,1
40430,1
67474,1
57911,1
43894,1
59387,1
33039,1
66844,1
34312,1
35678,1
37431,1
65440,1
68787,1
47321,1
50480,1
50835,1
58871,1
58843,1
51432,1
41407,1
67373,1
68725,1
50922,1
62714,1
33547,1
46750,1
53029,1
36141,1
40313,1
44324,1
64966,1
68516,1
54494,1
56685,1
35836,1
56051,1
38010,1
51282,1
45603,1
35974,1
45023,1
38502,1
51239,1
60811,1
64644,1
58612,1
44714,1
33784,1
39857,1
62449,1
48313,1
59469,1
33055,1
45966,1
40004,1
55378,1
58110,1
62201,1
43909,1
52632,1
46758,1
47176,1
61479,1
53309,1
38865,1
42440,1
46933,1
51588,1
57607,1
62009,1
55293,1
38877,1
47637,1
64241,1
40318,1
45051,1
46960,1
54677,1
44637,1
49137,1
34342,1
53761,1
39010,1
63415,1
61722,1
53961,1
61211,1
62435,1
32704,1
45575,1
33945,1
67640,1
37823,1
35624,1
64717,1
56235,1
43040,1
38953,1
33031,1
50303,1
65367,1
49992,1
49691,1
61275,1
61193,1
35823,1
59897,1
40951,1
49146,1
55328,1
62326,1
58225,1
47935,1
66212,1
51633,1
48217,1
59960,1
58893,1
60456,1
64275,1
45997,1
66877,1
45139,1
65164,1
54987,1
57331,1
59022,1
34500,1
52388,1
51134,1
44075,1
68811,1
53301,1
45527,1
68441,1
52495,1
56482,1
47416,1
65199,1
64468,1
67923,1
54524,1
55055,1
34125,1
34928,1
65776,1
40068,1
50031,1
43736,1
37437,1
65998,1
56602,1
51882,1
42792,1
67307,1
59468,1
34911,1
41691,1
54216,1
33454,1
50803,1
45886,1
65896,1
52075,1
62069,1
51795,1
48698,1
51874,1
42488,1
47716,1
67371,1
56749,1
38783,1
63314,1
44776,1
46738,1
45874,1
35712,1
58929,1
33488,1
47628,1
44938,1
50778,1
63118,1
63786,1
68692,1
48537,1
66483,1
46338,1
41509,1
56765,1
53645,1
53274,1
45827,1
59190,1
48990,1
67746,1
35945,1
47153,1
55903,1
54940,1
65734,1
49659,1
59077,1
37844,1
61320,1
42776,1
51934,1
54607,1
62958,1
52059,1
55413,1
57904,1
67906,1
38955,1
38630,1
52237,1
34008,1
37747,1
64919,1
39148,1
54481,1
35291,1
48154,1
34164,1
32884,1
68924,1
47685,1
37583,1
45068,1
38927,1
60216,1
50291,1
63485,1
62692,1
58690,1
51557,1
55830,1
68465,1
66012,1
54322,1
36129,1
39209,1
37688,1
55573,1
46876,1
34027,1
57626,1
58967,1
47404,1
32946,1
50085,1
36688,1
49083,1
46897,1
42075,1
43049,1
55527,1
42788,1
33297,1
66501,1
37866,1
67019,1
54005,1
35259,1
68529,1
36630,1
62887,1
39337,1
52665,1
67826,1
61784,1
52141,1
64920,1
64409,1
44701,1
65203,1
47669,1
53456,1
37427,1
33604,1
61327,1
55387,1
34219,1
47183,1
61789,1
66838,1
67952,1
46802,1
42995,1
57267,1
58204,1
57862,1
58765,1
33304,1
37548,1
51132,1
55170,1
53566,1
59486,1
55199,1
68616,1
44185,1
64727,1
47315,1
36672,1
54549,1
64534,1
51107,1
55567,1
43662,1
59490,1
58701,1
33163,1
50171,1
49378,1
46016,1
36938,1
50648,1
34439,1
62279,1
52604,1
47074,1
51241,1
36423,1
44991,1
44381,1
36532,1
34227,1
43491,1
60860,1
45582,1
36486,1
59403,1
55461,1
62289,1
65566,1
53486,1
36108,1
57918,1
61582,1
47439,1
60164,1
53788,1
67411,1
44017,1
59716,1
63081,1
66114,1
53461,1
56286,1
65598,1
52702,1
53854,1
46994,1
55140,1
34935,1
66006,1
63849,1
60281,1
53518,1
60294,1
44067,1
51364,1
33590,1
46421,1
38304,1
67367,1
38517,1
36529,1
36713,1
42704,1
42339,1
60891,1
48613,1
49829,1
44941,1
41353,1
67405,1
68456,1
66317,1
43196,1
67087,1
37644,1
66328,1
60022,1
39987,1
66970,1
63075,1
58372,1
37994,1
68794,1
34407,1
60990,1
63451,1
59798,1
64260,1
42969,1
40503,1
41583,1
59431,1
52803,1
58707,1
43212,1
45973,1
42658,1
60147,1
62694,1
49032,1
35101,1
47688,1
66165,1
34592,1
41811,1
59364,1
41898,1
44443,1
62962,1
49879,1
45535,1
59745,1
51355,1
57336,1
47702,1
33805,1
35984,1
65266,1
34436,1
42831,1
61366,1
38023,1
46082,1
55606,1
55605,1
37158,1
42485,1
36860,1
40587,1
59388,1
63051,1
41039,1
39313,1
34278,1
47250,1
60999,1
34181,1
63575,1
61509,1
58547,1
40166,1
45460,1
57774,1
44221,1
52841,1
57431,1
33401,1
55786,1
59506,1
61788,1
61294,1
41507,1
34851,1
49897,1
62851,1
58605,1
55003,1
37660,1
36060,1
47746,1
61499,1
60559,1
52301,1
40732,1
57749,1
40423,1
57832,1
64293,1
51647,1
43257,1
61228,1
54173,1
40502,1
57533,1
46498,1
39605,1
64860,1
48660,1
61705,1
50366,1
64590,1
34665,1
58303,1
55486,1
61738,1
38358,1
51290,1
53740,1
62190,1
45569,1
53821,1
51477,1
65588,1
51247,1
44057,1
64449,1
57405,1
33245,1
52358,1
50406,1
33117,1
63343,1
53875,1
33131,1
50751,1
36761,1
41922,1
62959,1
34447,1
58534,1
50029,1
37502,1
60097,1
63937,1
60399,1
55380,1
46151,1
35837,1
68836,1
44567,1
50397,1
35499,1
52057,1
61363,1
36208,1
61299,1
52809,1
47345,1
59770,1
56878,1
58912,1
63093,1
66282,1
35415,1
34178,1
53322,1
64041,1
57958,1
37786,1
38485,1
37133,1
36401,1
38482,1
36362,1
61167,1
67651,1
67947,1
52405,1
52145,1
40156,1
68557,1
46991,1
48005,1
36555,1
34834,1
65946,1
41731,1
39459,1
62072,1
33446,1
52051,1
59376,1
64405,1
40615,1
45521,1
66847,1
53822,1
41536,1
48956,1
62701,1
45394,1
66513,1
68537,1
49610,1
52893,1
65197,1
34196,1
38611,1
65539,1
40189,1
42352,1
68037,1
43269,1
48703,1
36269,1
43084,1
52493,1
52919,1
49341,1
64083,1
63739,1
68234,1
36022,1
61999,1
53088,1
42693,1
45403,1
53868,1
55132,1
61948,1
62487,1
33933,1
57095,1
56146,1
54076,1
35664,1
40182,1
67185,1
33185,1
44271,1
41915,1
35844,1
35483,1
38529,1
54177,1
62779,1
48848,1
36807,1
54827,1
57137,1
62495,1
47509,1
59817,1
57272,1
54308,1
38374,1
61295,1
42604,1
68803,1
33410,1
37900,1
36803,1
43069,1
56836,1
56256,1
42393,1
45033,1
42749,1
59631,1
32723,1
57484,1
40217,1
40035,1
50071,1
42747,1
67256,1
32904,1
55735,1
58920,1
45284,1
56381,1
38820,1
57464,1
49843,1
44715,1
46526,1
40835,1
50468,1
52137,1
58924,1
35468,1
66638,1
32900,1
39433,1
67294,1
39375,1
39603,1
49055,1
60916,1
68461,1
43083,1
38134,1
51006,1
33684,1
40597,1
44434,1
67557,1
53392,1
41597,1
42503,1
41999,1
35884,1
51904,1
58939,1
40463,1
38394,1
47228,1
37271,1
65927,1
57730,1
46499,1
58211,1
56633,1
47019,1
64426,1
39298,1
66558,1
58510,1
46592,1
38359,1
54588,1
65852,1
56226,1
39912,1
55907,1
48768,1
42104,1
41663,1
68435,1
66466,1
51907,1
53674,1
33329,1
62977,1
65222,1
63206,1
37483,1
33162,1
65787,1
53995,1
63161,1
47749,1
62284,1
40244,1
54800,1
49740,1
51847,1
44920,1
42257,1
67401,1
45451,1
36607,1
41119,1
43034,1
60416,1
46638,1
63143,1
46645,1
43958,1
65130,1
47954,1
35652,1
40052,1
46616,1
58528,1
33829,1
52898,1
58312,1
36471,1
63687,1
45102,1
52877,1
67779,1
68934,1
53127,1
51123,1
41316,1
66128,1
46849,1
33106,1
34906,1
34225,1
66647,1
66253,1
54217,1
59593,1
51254,1
39034,1
50226,1
43674,1
62888,1
52016,1
41102,1
47563,1
50172,1
37559,1
37069,1
64855,1
59978,1
49205,1
34388,1
66014,1
45606,1
54781,1
60111,1
51911,1
40887,1
62857,1
58972,1
64166,1
55091,1
34096,1
43165,1
32828,1
34174,1
41546,1
33772,1
35472,1
53300,1
64457,1
49783,1
68448,1
53999,1
50992,1
57788,1
39311,1
45438,1
39950,1
45847,1
48730,1
62381,1
60376,1
63170,1
59613,1
55682,1
52891,1
55281,1
33863,1
67608,1
64360,1
54219,1
49152,1
62350,1
65870,1
52178,1
35753,1
37917,1
44530,1
39689,1
34074,1
43951,1
68221,1
50752,1
53807,1
66338,1
60137,1
66179,1
36478,1
46176,1
57842,1
53640,1
39548,1
49383,1
48514,1
60414,1
35676,1
36513,1
62835,1
52984,1
64224,1
56692,1
59050,1
58019,1
58128,1
45180,1
43497,1
46859,1
63275,1
67689,1
46673,1
35690,1
45289,1
37343,1
55196,1
52485,1
51864,1
55732,1
33539,1
52885,1
67390,1
49241,1
36378,1
35441,1
44542,1
46826,1
36415,1
48242,1
62896,1
62754,1
54243,1
53284,1
41821,1
67630,1
58714,1
41869,1
66308,1
42882,1
39100,1
58974,1
44022,1
61054,1
33383,1
46477,1
35482,1
63728,1
66177,1
50295,1
42486,1
52490,1
43553,1
54707,1
62848,1
49742,1
59751,1
50003,1
63013,1
66571,1
65064,1
48317,1
47951,1
56890,1
45146,1
58299,1
56544,1
43811,1
35811,1
62425,1
40728,1
52917,1
45312,1
45327,1
52635,1
53708,1
42337,1
36420,1
64495,1
40656,1
35154,1
52001,1
45378,1
37990,1
51872,1
65335,1
55928,1
33978,1
38948,1
45175,1
44737,1
33095,1
67873,1
41057,1
50198,1
49669,1
48348,1
37865,1
67969,1
36899,1
54238,1
54050,1
67221,1
41328,1
38641,1
33457,1
40457,1
63820,1
50765,1
65040,1
66406,1
49429,1
48810,1
42321,1
42260,1
58258,1
41840,1
68704,1
58838,1
36813,1
65413,1
40027,1
42198,1
36838,1
49251,1
64020,1
56739,1
54875,1
61464,1
64057,1
48568,1
52810,1
41492,1
37831,1
49369,1
38828,1
33233,1
53976,1
53149,1
41105,1
46810,1
58233,1
61986,1
65647,1
66930,1
59139,1
64969,1
58746,1
54251,1
36927,1
57577,1
36277,1
34625,1
51913,1
50060,1
54703,1
58885,1
35626,1
52840,1
38870,1
49282,1
66086,1
51846,1
35445,1
35375,1
58581,1
55305,1
52074,1
33387,1
40129,1
34781,1
45364,1
39979,1
37170,1
32675,1
41446,1
56101,1
66332,1
41104,1
58218,1
46372,1
64921,1
67263,1
46926,1
60220,1
33386,1
50592,1
48151,1
59621,1
66812,1
47124,1
37839,1
43135,1
59489,1
59644,1
46761,1
34522,1
34133,1
55553,1
38772,1
47961,1
66944,1
39985,1
49634,1
66077,1
35584,1
64445,1
51074,1
39539,1
51937,1
60982,1
48580,1
36540,1
50787,1
58100,1
40628,1
37587,1
66878,1
37229,1
37008,1
57424,1
42867,1
43235,1
59010,1
68316,1
40855,1
44954,1
45077,1
33315,1
60442,1
40931,1
40836,1
65488,1
38728,1
48830,1
39318,1
49062,1
41590,1
59275,1
59549,1
45381,1
44923,1
60104,1
38449,1
35189,1
67483,1
55565,1
64240,1
67668,1
35410,1
40036,1
50855,1
46450,1
33292,1
50023,1
38406,1
55548,1
37009,1
54487,1
55636,1
51740,1
68696,1
61780,1
49848,1
67081,1
34198,1
36848,1
66517,1
56673,1
59638,1
36559,1
56530,1
56668,1
53815,1
52950,1
38979,1
39835,1
34072,1
48819,1
39807,1
36461,1
41062,1
41815,1
59230,1
50413,1
36719,1
50238,1
56119,1
37467,1
64233,1
47342,1
47233,1
48590,1
50264,1
55006,1
42636,1
46221,1
56694,1
48093,1
60775,1
63521,1
59511,1
36842,1
63027,1
55917,1
61469,1
55241,1
48345,1
57088,1
61453,1
65171,1
62976,1
50664,1
66099,1
39514,1
67943,1
53092,1
39489,1
45322,1
32936,1
59808,1
33877,1
48686,1
35938,1
34992,1
51385,1
58407,1
57093,1
44789,1
49678,1
36096,1
59991,1
41220,1
39914,1
51799,1
38437,1
61119,1
49878,1
45652,1
65141,1
66157,1
44483,1
55700,1
62125,1
50257,1
60198,1
64869,1
45692,1
37239,1
67110,1
63022,1
66622,1
42191,1
38175,1
41179,1
58598,1
55270,1
59400,1
59947,1
42037,1
39404,1
46184,1
37365,1
36361,1
60588,1
66420,1
40033,1
47617,1
64402,1
51915,1
34136,1
64607,1
58118,1
61753,1
51828,1
41442,1
42922,1
55774,1
51982,1
41333,1
44459,1
51715,1
48087,1
56350,1
55038,1
33632,1
40655,1
39234,1
54534,1
59699,1
48114,1
47495,1
60697,1
60381,1
51159,1
66427,1
56158,1
63769,1
42599,1
62288,1
45048,1
33798,1
65444,1
34817,1
50323,1
47826,1
66049,1
67778,1
32855,1
47188,1
66892,1
34491,1
34417,1
64564,1
35242,1
37709,1
51665,1
47678,1
56377,1
49303,1
34923,1
45599,1
42490,1
60158,1
61142,1
68833,1
53240,1
62803,1
53627,1
54551,1
36969,1
42617,1
47052,1
36542,1
43647,1
55275,1
53489,1
60857,1
47061,1
39306,1
46639,1
52646,1
44652,1
56389,1
38904,1
65661,1
65304,1
63435,1
42687,1
58291,1
42000,1
58629,1
68801,1
49923,1
37859,1
45772,1
44206,1
49650,1
56868,1
66840,1
52095,1
38742,1
63105,1
43568,1
60815,1
63752,1
53076,1
56742,1
65918,1
55018,1
62336,1
52421,1
44716,1
64300,1
59928,1
36402,1
38810,1
38518,1
40332,1
68261,1
45356,1
36951,1
60322,1
44675,1
48277,1
36426,1
39089,1
61775,1
66197,1
62502,1
56734,1
51902,1
56335,1
60847,1
40574,1
58947,1
41862,1
59377,1
45943,1
52115,1
33461,1
35572,1
52468,1
66123,1
44651,1
52476,1
57976,1
40748,1
68512,1
46057,1
54567,1
36399,1
62747,1
45849,1
55124,1
64341,1
61386,1
33791,1
35889,1
32786,1
49735,1
41865,1
62118,1
54397,1
49366,1
47689,1
47614,1
51685,1
54662,1
66900,1
33041,1
44211,1
66394,1
47027,1
66841,1
59681,1
51931,1
67430,1
50327,1
42662,1
40691,1
33756,1
48527,1
49441,1
52209,1
56117,1
40373,1
63235,1
34848,1
52962,1
49513,1
50396,1
51702,1
40715,1
35044,1
67176,1
62086,1
66951,1
41150,1
55529,1
44523,1
36292,1
35108,1
50562,1
52305,1
44403,1
63991,1
52614,1
41946,1
51944,1
58157,1
35004,1
39443,1
41972,1
67278,1
53493,1
60393,1
54678,1
37007,1
61689,1
68723,1
62142,1
34284,1
62837,1
65547,1
64570,1
61053,1
53706,1
65406,1
57410,1
64848,1
50884,1
57494,1
41161,1
65761,1
41159,1
63520,1
37279,1
44248,1
58429,1
56553,1
43660,1
45244,1
43799,1
46792,1
60263,1
48649,1
51020,1
54389,1
55047,1
60251,1
55938,1
50936,1
55792,1
49169,1
62834,1
54860,1
63505,1
35841,1
45328,1
41746,1
65098,1
60025,1
62926,1
43467,1
47101,1
33611,1
57903,1
48297,1
35382,1
36866,1
68935,1
37397,1
41631,1
64115,1
33587,1
61296,1
61812,1
62454,1
55610,1
53159,1
58257,1
68050,1
59279,1
60467,1
50645,1
60572,1
35230,1
65393,1
56556,1
60193,1
45144,1
55102,1
49991,1
59270,1
39630,1
68782,1
64386,1
45065,1
41575,1
35280,1
34704,1
60966,1
61935,1
61387,1
66066,1
67482,1
53031,1
51644,1
62414,1
45942,1
47385,1
45873,1
67937,1
61231,1
54503,1
35125,1
35250,1
67232,1
54478,1
49033,1
41222,1
59903,1
58035,1
62563,1
35839,1
36149,1
42130,1
50514,1
45964,1
68240,1
49623,1
47221,1
36918,1
33273,1
46910,1
65650,1
55885,1
61230,1
56897,1
53139,1
50861,1
68765,1
39301,1
49219,1
46707,1
62630,1
53661,1
41618,1
65845,1
47623,1
47298,1
41905,1
33725,1
40424,1
43271,1
38129,1
51706,1
45758,1
60239,1
36309,1
41347,1
63082,1
58032,1
54350,1
33939,1
61581,1
56003,1
40148,1
42549,1
32881,1
60127,1
40915,1
57939,1
43345,1
56994,1
55607,1
56082,1
58958,1
49905,1
50881,1
35729,1
37518,1
37371,1
37878,1
33364,1
50115,1
61579,1
49850,1
68540,1
65801,1
68872,1
54643,1
68759,1
34946,1
66234,1
58919,1
54181,1
67679,1
57039,1
37826,1
57581,1
34268,1
56382,1
66499,1
52513,1
61843,1
59440,1
44156,1
46560,1
43698,1
42993,1
64829,1
55153,1
41255,1
38425,1
41242,1
59578,1
63830,1
53117,1
66211,1
39796,1
43562,1
58431,1
42404,1
48503,1
68434,1
57606,1
40127,1
32847,1
36030,1
55532,1
38068,1
45264,1
52313,1
56072,1
42578,1
36000,1
55217,1
39535,1
33588,1
41229,1
66358,1
65831,1
67565,1
61530,1
58330,1
67907,1
61406,1
47777,1
39602,1
52372,1
46396,1
66875,1
44471,1
59907,1
57833,1
42432,1
65334,1
35511,1
55367,1
43032,1
63580,1
55115,1
45924,1
54458,1
48687,1
52360,1
56429,1
53260,1
48439,1
65694,1
45430,1
64375,1
59831,1
38471,1
68834,1
47451,1
44429,1
33403,1
57064,1
46455,1
67391,1
50363,1
43860,1
55257,1
38562,1
48707,1
43232,1
39718,1
36353,1
62872,1
46274,1
49874,1
34318,1
49701,1
55783,1
63335,1
55254,1
64721,1
56351,1
60651,1
51008,1
32671,1
34679,1
40096,1
65156,1
43320,1
46902,1
47351,1
54780,1
46492,1
62255,1
46463,1
50657,1
49737,1
65389,1
65067,1
45880,1
45526,1
66363,1
53672,1
63912,1
34119,1
36263,1
61814,1
53760,1
47770,1
46260,1
68433,1
51717,1
40919,1
61875,1
55571,1
42403,1
46340,1
66599,1
68940,1
40076,1
66011,1
67878,1
67579,1
60612,1
65299,1
47761,1
35615,1
62616,1
49671,1
34214,1
43509,1
39044,1
57900,1
44786,1
63635,1
38763,1
66070,1
64208,1
60499,1
33081,1
59114,1
65781,1
58533,1
55204,1
65782,1
57857,1
57152,1
48238,1
61441,1
33680,1
40873,1
33385,1
57613,1
64787,1
51971,1
66422,1
49362,1
56620,1
45409,1
66382,1
51101,1
42208,1
41398,1
53054,1
50380,1
34663,1
54646,1
35275,1
54120,1
67670,1
66628,1
45881,1
33179,1
68571,1
63800,1
55986,1
66610,1
44002,1
47649,1
36877,1
58376,1
67986,1
67101,1
52845,1
39700,1
66538,1
48121,1
53983,1
48987,1
38755,1
37440,1
64918,1
39754,1
63042,1
63317,1
67539,1
56015,1
66674,1
34701,1
55298,1
41582,1
37703,1
54617,1
56777,1
66403,1
43535,1
50519,1
40849,1
32950,1
44890,1
53132,1
43031,1
52821,1
58560,1
50589,1
61834,1
68149,1
48657,1
41368,1
49564,1
56535,1
68766,1
43869,1
47015,1
41809,1
38981,1
33346,1
40525,1
46946,1
41239,1
56347,1
48391,1
34981,1
57426,1
46107,1
59362,1
38338,1
65930,1
59803,1
41601,1
45424,1
58558,1
63587,1
40605,1
51831,1
63863,1
63995,1
49329,1
48120,1
58737,1
40366,1
58684,1
60342,1
38499,1
35788,1
64108,1
59261,1
45400,1
57699,1
33439,1
33282,1
53316,1
54071,1
35192,1
64404,1
68439,1
63337,1
62090,1
66537,1
39499,1
64157,1
35496,1
50510,1
50547,1
48287,1
68026,1
33048,1
41819,1
58072,1
46510,1
55145,1
34576,1
53881,1
36595,1
41364,1
57420,1
35051,1
57135,1
56325,1
38022,1
60117,1
61632,1
52936,1
48804,1
61504,1
33265,1
44042,1
37002,1
53210,1
35262,1
36732,1
46644,1
64682,1
39969,1
63021,1
42873,1
42760,1
49603,1
49023,1
52508,1
50462,1
37135,1
41382,1
40370,1
33908,1
52763,1
52571,1
39174,1
61890,1
47604,1
40322,1
34581,1
54145,1
42941,1
56766,1
66326,1
35763,1
51192,1
52761,1
35455,1
38150,1
36391,1
65942,1
54369,1
50860,1
34368,1
50521,1
54942,1
37177,1
37062,1
65811,1
64196,1
58214,1
66129,1
54261,1
50463,1
46661,1
58660,1
53241,1
47254,1
56400,1
43350,1
55648,1
62318,1
43558,1
43450,1
61081,1
60589,1
42471,1
63895,1
35034,1
51775,1
44286,1
42307,1
38605,1
42453,1
42314,1
33227,1
66985,1
44288,1
46505,1
51303,1
61427,1
51925,1
65294,1
48268,1
61904,1
35133,1
40781,1
41120,1
51909,1
51115,1
34042,1
62364,1
50994,1
37113,1
66542,1
51135,1
36171,1
66493,1
62482,1
34338,1
58061,1
51000,1
55086,1
68453,1
44698,1
61915,1
57368,1
55295,1
65977,1
43796,1
56328,1
62056,1
33549,1
57026,1
37951,1
42575,1
48534,1
65688,1
49010,1
35047,1
48760,1
45298,1
52631,1
67323,1
50588,1
46539,1
64856,1
65825,1
52029,1
66896,1
58080,1
50356,1
54451,1
51768,1
46958,1
65457,1
57212,1
39240,1
48671,1
54730,1
35515,1
58144,1
57827,1
47798,1
36817,1
43613,1
41435,1
68018,1
52615,1
36262,1
37354,1
68415,1
58540,1
59067,1
34614,1
61135,1
58686,1
56073,1
45202,1
51759,1
59822,1
53391,1
65509,1
41762,1
50813,1
37098,1
35542,1
39212,1
65027,1
57522,1
50101,1
37760,1
37105,1
35424,1
47296,1
60400,1
60840,1
37071,1
55274,1
44159,1
61480,1
50756,1
56122,1
59885,1
56134,1
35110,1
44835,1
67469,1
59933,1
67887,1
39983,1
46213,1
33597,1
38524,1
63071,1
43054,1
38759,1
33155,1
50162,1
37079,1
34110,1
39497,1
66831,1
58819,1
37921,1
41987,1
60169,1
56150,1
54753,1
63459,1
43434,1
62541,1
43506,1
50575,1
43172,1
60350,1
48607,1
49789,1
46495,1
63590,1
51433,1
50652,1
44134,1
58418,1
50642,1
64342,1
58757,1
43112,1
52747,1
43812,1
42657,1
56993,1
41625,1
50371,1
54333,1
42196,1
38757,1
67940,1
38385,1
53829,1
37564,1
37960,1
50604,1
51363,1
37991,1
33658,1
35718,1
52132,1
62484,1
59610,1
65159,1
52598,1
68105,1
47104,1
43185,1
66137,1
64994,1
52302,1
48494,1
62147,1
44858,1
33894,1
49086,1
46000,1
38619,1
60308,1
45097,1
45300,1
62189,1
66805,1
45703,1
60779,1
63393,1
56844,1
43733,1
50214,1
36308,1
43739,1
33418,1
68569,1
51593,1
65866,1
46789,1
37321,1
49178,1
57188,1
65416,1
34495,1
59782,1
56185,1
39694,1
53065,1
51136,1
39729,1
63034,1
44593,1
40591,1
40543,1
45333,1
66560,1
39727,1
68901,1
68099,1
37056,1
58400,1
40203,1
54909,1
38030,1
48304,1
54511,1
67243,1
57285,1
54596,1
52723,1
63758,1
62808,1
68086,1
60427,1
43130,1
52905,1
67831,1
37779,1
58778,1
63686,1
32997,1
44655,1
61598,1
67106,1
36693,1
37448,1
37114,1
45630,1
63447,1
58873,1
39897,1
54531,1
59146,1
43949,1
64643,1
54572,1
58515,1
56965,1
55745,1
66912,1
48669,1
47036,1
37558,1
50455,1
34826,1
67623,1
46697,1
54682,1
37012,1
59858,1
35691,1
44572,1
40049,1
56568,1
61086,1
57728,1
33892,1
45053,1
44208,1
63074,1
55579,1
56791,1
53248,1
48640,1
63136,1
55723,1
36319,1
42408,1
66617,1
58069,1
47361,1
43723,1
40180,1
58286,1
44478,1
53096,1
68861,1
64035,1
53858,1
37101,1
64079,1
36664,1
50553,1
51189,1
52945,1
38606,1
61051,1
67017,1
48180,1
37710,1
52310,1
54232,1
68463,1
35567,1
39573,1
33540,1
52686,1
57794,1
34134,1
34986,1
62671,1
34249,1
44543,1
58240,1
66916,1
46475,1
59902,1
34100,1
44285,1
65464,1
53941,1
42176,1
46138,1
42400,1
51151,1
50520,1
52899,1
57684,1
67822,1
38544,1
35104,1
41692,1
52146,1
58023,1
52318,1
43334,1
46368,1
64653,1
50950,1
56525,1
37451,1
43581,1
67534,1
59608,1
62202,1
68305,1
64956,1
46290,1
55448,1
42716,1
44333,1
33165,1
55225,1
54083,1
50160,1
35886,1
62520,1
56203,1
33430,1
55511,1
53146,1
52911,1
55197,1
65575,1
61496,1
36219,1
53048,1
65194,1
32689,1
46934,1
52234,1
38838,1
34966,1
45283,1
66254,1
52569,1
59319,1
63774,1
40344,1
45845,1
41305,1
48610,1
48868,1
39510,1
66688,1
63258,1
51362,1
46734,1
41183,1
36455,1
66832,1
43432,1
35068,1
55081,1
37733,1
46664,1
57380,1
58585,1
64894,1
42632,1
40383,1
44432,1
57322,1
67886,1
37478,1
38092,1
33349,1
42826,1
65557,1
58867,1
41313,1
38082,1
42052,1
37246,1
54139,1
46536,1
47668,1
66191,1
44327,1
52811,1
48033,1
61255,1
41847,1
51311,1
56728,1
39994,1
40930,1
64062,1
53633,1
63504,1
56214,1
60750,1
38034,1
55427,1
46174,1
37275,1
65041,1
34493,1
40368,1
40929,1
39093,1
50737,1
37287,1
46996,1
42825,1
34286,1
45628,1
51724,1
33887,1
53195,1
32701,1
33469,1
41874,1
40161,1
52418,1
35630,1
40742,1
62380,1
44931,1
45487,1
51976,1
43947,1
67999,1
42999,1
53921,1
38662,1
47863,1
62388,1
52159,1
45696,1
43883,1
50564,1
64846,1
68614,1
43538,1
53585,1
46877,1
61062,1
35957,1
34988,1
48145,1
53808,1
44738,1
53414,1
35337,1
65894,1
38549,1
57370,1
65136,1
32866,1
62401,1
56713,1
59564,1
49401,1
47925,1
54564,1
46401,1
52503,1
53838,1
65560,1
58816,1
47400,1
67170,1
43523,1
37461,1
46966,1
48872,1
41966,1
55417,1
54133,1
43381,1
50001,1
46220,1
45188,1
56943,1
64193,1
33072,1
58198,1
35679,1
33616,1
68486,1
38155,1
68886,1
67763,1
67344,1
64190,1
62191,1
37104,1
67048,1
54258,1
37822,1
55377,1
33780,1
34878,1
34328,1
41135,1
61004,1
36823,1
64168,1
68314,1
34410,1
54077,1
38106,1
62450,1
60585,1
43150,1
49380,1
60524,1
42395,1
68331,1
42778,1
52844,1
35770,1
42525,1
44348,1
60470,1
42560,1
52297,1
61950,1
64189,1
65333,1
55172,1
37552,1
38636,1
54676,1
35406,1
62479,1
56511,1
41893,1
65133,1
54040,1
41354,1
67535,1
59743,1
53120,1
58352,1
58537,1
49258,1
37344,1
41917,1
42351,1
50904,1
63988,1
64604,1
36396,1
46636,1
39463,1
32743,1
39397,1
62096,1
49993,1
56319,1
65481,1
50178,1
35642,1
47010,1
57292,1
57880,1
59032,1
64215,1
48094,1
49985,1
66131,1
59360,1
62823,1
61510,1
52422,1
33913,1
68471,1
65004,1
64959,1
53042,1
47802,1
68229,1
34784,1
64578,1
62051,1
41235,1
38049,1
56283,1
54361,1
38399,1
68589,1
56281,1
37150,1
42702,1
47458,1
44646,1
55604,1
33845,1
51728,1
63427,1
47149,1
62135,1
65609,1
43879,1
48264,1
36162,1
56147,1
68388,1
44097,1
43595,1
50395,1
35404,1
36183,1
64794,1
32984,1
51514,1
55626,1
66782,1
48965,1
65404,1
39159,1
53843,1
41024,1
56866,1
51048,1
37768,1
43610,1
53081,1
35821,1
61045,1
47227,1
64629,1
56174,1
60702,1
58623,1
38941,1
40054,1
64895,1
40766,1
50845,1
33052,1
67590,1
64373,1
62951,1
60765,1
40265,1
52609,1
42834,1
54756,1
32720,1
43007,1
41423,1
54578,1
33344,1
38388,1
39568,1
64626,1
33925,1
38652,1
37986,1
64173,1
45345,1
36516,1
39576,1
68008,1
58744,1
57181,1
45791,1
61982,1
64066,1
41415,1
35198,1
52061,1
41212,1
67302,1
57973,1
33124,1
33465,1
66149,1
53677,1
33314,1
55101,1
43628,1
53428,1
34477,1
38503,1
43549,1
44242,1
56771,1
33008,1
67055,1
40065,1
60551,1
58611,1
43985,1
47118,1
68373,1
60510,1
49066,1
37529,1
41008,1
58792,1
52511,1
42582,1
60259,1
46493,1
49738,1
42900,1
47388,1
50916,1
37228,1
39530,1
61790,1
34222,1
59531,1
60809,1
44164,1
59692,1
39244,1
32791,1
60675,1
62775,1
36320,1
64696,1
58561,1
68173,1
60937,1
39932,1
48662,1
58285,1
54837,1
43464,1
60100,1
64232,1
37929,1
42962,1
66637,1
49797,1
59889,1
68822,1
64484,1
61438,1
60800,1
62922,1
64084,1
52934,1
61611,1
62731,1
66656,1
34291,1
46237,1
40254,1
34871,1
63189,1
53032,1
66464,1
38099,1
55066,1
52419,1
35908,1
67098,1
64701,1
48147,1
48356,1
47967,1
45013,1
65452,1
68422,1
41456,1
35843,1
63283,1
45565,1
56418,1
67852,1
39487,1
40315,1
43962,1
58391,1
68401,1
41427,1
51012,1
54281,1
61988,1
44864,1
61546,1
49472,1
50350,1
62417,1
33361,1
51297,1
63446,1
43476,1
40010,1
42587,1
46992,1
34377,1
63086,1
53211,1
39624,1
68524,1
52712,1
67715,1
34630,1
47466,1
63621,1
65881,1
34629,1
44150,1
56575,1
36093,1
45581,1
52830,1
43052,1
50385,1
35820,1
47701,1
37022,1
42438,1
57964,1
62672,1
51533,1
42727,1
46816,1
63842,1
46593,1
40609,1
44805,1
46406,1
54500,1
60756,1
48556,1
46068,1
45686,1
48682,1
65636,1
40093,1
35671,1
61500,1
68820,1
49676,1
66711,1
66048,1
58138,1
34562,1
50964,1
66299,1
43968,1
57959,1
38821,1
58992,1
63479,1
33240,1
63658,1
38740,1
43823,1
60105,1
59180,1
34168,1
48849,1
44649,1
44030,1
61312,1
50622,1
59795,1
33778,1
60668,1
35606,1
44066,1
66975,1
67548,1
33774,1
36876,1
68779,1
53771,1
57446,1
63731,1
35555,1
68247,1
56040,1
57157,1
50241,1
44764,1
42521,1
67059,1
39769,1
62699,1
49438,1
58507,1
58329,1
46699,1
38915,1
43242,1
67849,1
52767,1
51390,1
39629,1
63454,1
58049,1
52575,1
65638,1
38444,1
36671,1
38790,1
57644,1
46818,1
46590,1
55628,1
36945,1
49123,1
59877,1
53669,1
63472,1
55637,1
35357,1
43036,1
52881,1
38745,1
53147,1
34659,1
62497,1
57741,1
51581,1
65205,1
53166,1
57171,1
67374,1
60787,1
46283,1
56829,1
65727,1
53204,1
61229,1
49310,1
44418,1
58205,1
40018,1
44634,1
63788,1
38922,1
41632,1
36674,1
63239,1
46489,1
37725,1
57206,1
52659,1
46476,1
50582,1
44583,1
35594,1
60103,1
48762,1
33520,1
63554,1
41885,1
44919,1
47309,1
58313,1
57355,1
35473,1
41913,1
32852,1
51842,1
38187,1
35524,1
45765,1
65807,1
48709,1
39104,1
33890,1
38331,1
48221,1
47428,1
40967,1
62399,1
65407,1
36773,1
42142,1
62885,1
38234,1
58884,1
67736,1
54922,1
34527,1
34997,1
37601,1
51141,1
55596,1
46894,1
55704,1
46007,1
54982,1
50959,1
39687,1
54671,1
63974,1
53865,1
32718,1
54386,1
39288,1
68039,1
51250,1
66608,1
43247,1
68394,1
47726,1
61049,1
33295,1
43913,1
47070,1
33400,1
62365,1
38886,1
62492,1
40893,1
41451,1
61385,1
48422,1
49729,1
40696,1
49164,1
44033,1
40371,1
67258,1
53848,1
62852,1
65099,1
65868,1
41188,1
54242,1
67467,1
59399,1
33077,1
46911,1
49580,1
41854,1
67566,1
34888,1
68902,1
50005,1
39185,1
63181,1
40304,1
60050,1
37093,1
61677,1
34213,1
51756,1
67102,1
43929,1
64601,1
38431,1
42706,1
66147,1
48731,1
48928,1
64075,1
58699,1
36223,1
36696,1
48598,1
54194,1
43569,1
62341,1
64418,1
51286,1
56285,1
54501,1
59842,1
39621,1
43061,1
38706,1
47076,1
68121,1
56727,1
55385,1
37690,1
65700,1
56340,1
53540,1
40581,1
34670,1
63128,1
64983,1
58490,1
64107,1
61858,1
46552,1
56370,1
60669,1
54843,1
57529,1
48822,1
49117,1
45008,1
48285,1
42625,1
53239,1
50524,1
38733,1
61465,1
37829,1
65190,1
51407,1
66492,1
39650,1
56582,1
37399,1
62166,1
59888,1
53786,1
50699,1
39651,1
54027,1
59340,1
49395,1
54270,1
66022,1
68493,1
45673,1
34101,1
56551,1
67169,1
58851,1
56941,1
65658,1
52163,1
39117,1
42262,1
66301,1
49442,1
40262,1
61626,1
38615,1
40442,1
44010,1
41628,1
50064,1
64497,1
56265,1
61300,1
68639,1
47128,1
40382,1
61476,1
56021,1
59126,1
48735,1
52409,1
44072,1
44611,1
38243,1
45814,1
58155,1
63668,1
41600,1
49337,1
52086,1
57248,1
66034,1
68333,1
49070,1
59463,1
54314,1
55858,1
55784,1
51616,1
50248,1
41309,1
59435,1
45030,1
66998,1
52597,1
43366,1
54111,1
46391,1
44877,1
34238,1
40880,1
60090,1
59322,1
59140,1
33496,1
38263,1
59570,1
37611,1
56439,1
40829,1
45227,1
56830,1
58412,1
42554,1
68342,1
59998,1
51198,1
36276,1
40774,1
37698,1
53011,1
39186,1
51252,1
42989,1
41320,1
49193,1
44676,1
47411,1
33080,1
34694,1
39585,1
52246,1
54709,1
58271,1
62629,1
55386,1
61059,1
43461,1
57036,1
41570,1
67246,1
49198,1
45255,1
68839,1
49019,1
35596,1
41945,1
63502,1
44551,1
44602,1
39096,1
61309,1
65346,1
43604,1
56669,1
39762,1
51201,1
42895,1
59389,1
42444,1
43572,1
45104,1
65950,1
63183,1
65993,1
40961,1
41224,1
44508,1
53213,1
51710,1
35444,1
61271,1
66425,1
59023,1
56243,1
59355,1
62609,1
61497,1
57972,1
63537,1
67713,1
56936,1
43020,1
68328,1
44258,1
63844,1
58190,1
55278,1
68371,1
65792,1
44624,1
37716,1
49304,1
63605,1
62439,1
54747,1
51569,1
43868,1
49364,1
58764,1
51327,1
35356,1
49261,1
64060,1
38146,1
49849,1
42080,1
50262,1
68224,1
41360,1
52727,1
42316,1
38831,1
44081,1
44745,1
34362,1
54758,1
46772,1
33651,1
55614,1
52362,1
62208,1
52264,1
56253,1
65626,1
45200,1
65592,1
43371,1
51790,1
47424,1
43189,1
60732,1
36836,1
34685,1
48243,1
57876,1
42151,1
50917,1
58756,1
65215,1
56000,1
65354,1
34666,1
33614,1
59749,1
54973,1
65911,1
46650,1
57315,1
64455,1
54204,1
45190,1
39959,1
63564,1
44684,1
43429,1
35805,1
36165,1
63540,1
55740,1
48385,1
44666,1
35202,1
41561,1
36411,1
35561,1
53124,1
45963,1
49788,1
53823,1
38468,1
51256,1
66342,1
55525,1
51621,1
40267,1
37363,1
62075,1
38577,1
41195,1
62415,1
49315,1
65343,1
37336,1
49722,1
64366,1
46119,1
55588,1
64659,1
63480,1
57504,1
59043,1
60142,1
66239,1
38686,1
65414,1
53567,1
54894,1
57163,1
39628,1
53030,1
41489,1
46722,1
35074,1
58066,1
60468,1
52417,1
55564,1
38072,1
46793,1
45039,1
45449,1
43332,1
61889,1
55402,1
58900,1
50869,1
45985,1
64399,1
42450,1
36739,1
54960,1
64442,1
58514,1
47621,1
59510,1
46715,1
47598,1
66852,1
57796,1
61218,1
68184,1
52295,1
37294,1
59950,1
41698,1
54519,1
52286,1
63488,1
48126,1
59707,1
54429,1
52271,1
58447,1
41759,1
68930,1
38438,1
37727,1
62836,1
36285,1
37138,1
52573,1
56987,1
33565,1
36422,1
35348,1
59359,1
34551,1
59750,1
45775,1
60996,1
63497,1
67437,1
57853,1
39804,1
51167,1
46990,1
61475,1
56206,1
34548,1
52435,1
59966,1
46584,1
46591,1
43741,1
34199,1
61435,1
55872,1
61630,1
41068,1
44589,1
44196,1
56012,1
62182,1
61317,1
45073,1
39865,1
39952,1
36520,1
43566,1
43348,1
47780,1
66440,1
56127,1
37174,1
44921,1
60520,1
47772,1
68797,1
55500,1
53622,1
50449,1
57480,1
44342,1
44956,1
41517,1
39132,1
56467,1
66100,1
60919,1
56809,1
68402,1
40237,1
51956,1
68457,1
34195,1
47630,1
48808,1
36167,1
36333,1
62109,1
45971,1
41588,1
51725,1
65900,1
59272,1
59996,1
56854,1
46615,1
52924,1
35826,1
46470,1
44029,1
38638,1
57333,1
53594,1
54280,1
40397,1
61713,1
37121,1
42327,1
57371,1
65525,1
46480,1
61024,1
53415,1
52204,1
56379,1
37684,1
42132,1
35114,1
49600,1
64881,1
53366,1
56162,1
67871,1
37203,1
34950,1
55022,1
65365,1
47952,1
36006,1
34860,1
33685,1
62278,1
60249,1
48184,1
41629,1
54176,1
60352,1
34675,1
64862,1
36207,1
35977,1
37533,1
56483,1
34351,1
44334,1
37099,1
64712,1
66389,1
37074,1
65591,1
39506,1
48463,1
59802,1
38433,1
40044,1
61146,1
45386,1
49697,1
35867,1
61336,1
68367,1
33407,1
34237,1
46110,1
49276,1
63079,1
34678,1
49875,1
48383,1
50274,1
58324,1
64321,1
49485,1
63681,1
53532,1
40868,1
43110,1
41317,1
38193,1
62769,1
44243,1
33708,1
56407,1
49122,1
48835,1
57262,1
63291,1
56237,1
37019,1
47511,1
35066,1
45518,1
58500,1
56327,1
62446,1
43956,1
47958,1
68691,1
35207,1
39373,1
60720,1
39882,1
35758,1
38660,1
60188,1
36608,1
42553,1
57067,1
68243,1
49506,1
44086,1
53190,1
39316,1
38984,1
53885,1
67397,1
35183,1
48367,1
38537,1
54881,1
32921,1
35115,1
64493,1
53118,1
65820,1
60506,1
68576,1
57281,1
41294,1
67687,1
61405,1
32885,1
33515,1
40253,1
49223,1
56383,1
38470,1
66040,1
48780,1
36966,1
32716,1
50686,1
64204,1
54403,1
52070,1
51868,1
55857,1
35453,1
57048,1
33847,1
59004,1
56802,1
63931,1
49272,1
37504,1
55902,1
52311,1
36338,1
64867,1
34204,1
47651,1
55906,1
59049,1
41754,1
38951,1
55619,1
36296,1
45663,1
54914,1
66577,1
40171,1
41175,1
46318,1
52683,1
42829,1
45694,1
50832,1
68754,1
58956,1
45600,1
66965,1
67282,1
37571,1
54547,1
68361,1
58304,1
52567,1
67270,1
33532,1
68763,1
50002,1
56396,1
61161,1
64135,1
57510,1
40644,1
56912,1
63054,1
54636,1
33112,1
55664,1
62283,1
47456,1
61377,1
45470,1
32953,1
53487,1
56463,1
66369,1
45248,1
60172,1
47824,1
34824,1
57712,1
57762,1
46064,1
36301,1
68618,1
54381,1
64537,1
67315,1
47332,1
52487,1
45619,1
65855,1
47014,1
68404,1
56321,1
42433,1
53852,1
37010,1
58239,1
52038,1
64015,1
41749,1
51366,1
55972,1
52864,1
33661,1
37724,1
65142,1
61420,1
56910,1
34799,1
44244,1
48651,1
68933,1
61955,1
41494,1
39680,1
36593,1
42259,1
64462,1
58020,1
52823,1
50827,1
51493,1
38429,1
60872,1
45274,1
52922,1
61428,1
61559,1
60273,1
63628,1
61210,1
59672,1
45733,1
46047,1
60566,1
55722,1
54370,1
41206,1
39517,1
64029,1
66173,1
43128,1
45428,1
66973,1
32892,1
52169,1
46747,1
68393,1
47396,1
66439,1
34058,1
62282,1
68405,1
67663,1
54887,1
60846,1
34727,1
42061,1
47885,1
63878,1
62310,1
35100,1
57117,1
50441,1
35269,1
34644,1
32897,1
47612,1
38837,1
54924,1
49053,1
65504,1
33261,1
46618,1
38627,1
65179,1
59846,1
52920,1
67698,1
62642,1
47050,1
42627,1
68370,1
54701,1
55472,1
51930,1
53362,1
53987,1
36103,1
53429,1
55971,1
49557,1
65675,1
63597,1
39635,1
44467,1
65659,1
37411,1
42996,1
51395,1
56231,1
68193,1
52081,1
34150,1
37429,1
49644,1
52053,1
41866,1
50301,1
48925,1
62854,1
57164,1
55961,1
57127,1
37849,1
45369,1
40652,1
66136,1
65284,1
64916,1
53045,1
51858,1
40888,1
60483,1
53107,1
43378,1
33065,1
55214,1
50690,1
60656,1
57910,1
32801,1
52797,1
66153,1
48443,1
52529,1
48542,1
32996,1
43734,1
60854,1
34175,1
66964,1
49550,1
44590,1
66989,1
34845,1
66596,1
43221,1
39892,1
62532,1
36894,1
58481,1
54488,1
61273,1
47548,1
43449,1
52808,1
50697,1
40733,1
64152,1
43972,1
42644,1
43649,1
34682,1
54048,1
40435,1
39710,1
34743,1
67412,1
59812,1
66746,1
42402,1
52015,1
40380,1
58420,1
45829,1
39599,1
53551,1
38464,1
35220,1
62244,1
35097,1
45089,1
65144,1
48045,1
62646,1
56484,1
44992,1
64384,1
40042,1
37300,1
34355,1
45116,1
37482,1
61835,1
61339,1
58026,1
43870,1
65709,1
49072,1
44168,1
40843,1
51066,1
58188,1
43665,1
46241,1
35078,1
66387,1
44354,1
58588,1
51510,1
49637,1
62317,1
46642,1
35623,1
66488,1
55412,1
37413,1
61160,1
35077,1
46088,1
41757,1
55594,1
33424,1
56817,1
65317,1
49057,1
61947,1
51158,1
68262,1
57672,1
40489,1
49838,1
33609,1
35193,1
53547,1
62214,1
46529,1
33061,1
45642,1
37910,1
67202,1
67074,1
60790,1
48392,1
61686,1
35353,1
54493,1
47110,1
54905,1
65813,1
50494,1
59537,1
53041,1
52161,1
35111,1
35553,1
60032,1
34742,1
55395,1
37273,1
36435,1
48564,1
52709,1
62761,1
66138,1
36812,1
35741,1
35228,1
65043,1
41639,1
34899,1
53724,1
45537,1
61558,1
67555,1
65580,1
58622,1
32733,1
34044,1
39371,1
42641,1
61090,1
65134,1
64950,1
37405,1
34247,1
40830,1
63810,1
68733,1
66829,1
52831,1
38211,1
57178,1
63065,1
38506,1
54629,1
45171,1
43018,1
44570,1
36010,1
43981,1
48123,1
40626,1
47883,1
47162,1
35707,1
46842,1
43891,1
56339,1
65798,1
66774,1
66498,1
40910,1
67425,1
67558,1
34720,1
55798,1
48159,1
47270,1
33551,1
38666,1
64045,1
35462,1
40808,1
38929,1
58651,1
43442,1
66020,1
54804,1
46117,1
59429,1
59344,1
62110,1
33269,1
53666,1
63576,1
49704,1
64863,1
49423,1
49658,1
45340,1
67985,1
41822,1
58172,1
57839,1
41973,1
59280,1
43041,1
66751,1
42003,1
63463,1
46042,1
43239,1
49563,1
54788,1
50998,1
62421,1
43848,1
67203,1
52130,1
36215,1
47127,1
46417,1
43451,1
63998,1
65740,1
36963,1
53410,1
65528,1
45724,1
52451,1
60938,1
50294,1
67708,1
34433,1
39248,1
53187,1
63187,1
58901,1
33071,1
55962,1
42065,1
35978,1
47508,1
55837,1
42833,1
33865,1
36070,1
54138,1
59343,1
52855,1
60079,1
67617,1
35039,1
37847,1
43160,1
52915,1
60571,1
50410,1
59138,1
50615,1
60443,1
56688,1
49176,1
36444,1
52979,1
46731,1
66362,1
46344,1
59353,1
33473,1
33889,1
36670,1
32843,1
68798,1
36795,1
54262,1
55232,1
59088,1
34468,1
58799,1
41711,1
63543,1
55751,1
41969,1
40241,1
45728,1
59639,1
52401,1
58874,1
48604,1
57051,1
46831,1
55026,1
33102,1
68888,1
40212,1
57657,1
61998,1
54970,1
50270,1
36568,1
34737,1
43183,1
39037,1
50333,1
53028,1
55866,1
60412,1
41657,1
63066,1
57146,1
35634,1
60843,1
63959,1
58409,1
43619,1
56356,1
34656,1
35743,1
57277,1
60440,1
66208,1
47803,1
63296,1
45084,1
51142,1
64172,1
40490,1
46143,1
32776,1
39988,1
49449,1
44013,1
57457,1
50569,1
56745,1
58177,1
56359,1
68588,1
56671,1
49733,1
65104,1
46736,1
62246,1
47872,1
46754,1
52243,1
43108,1
36079,1
46058,1
55457,1
56099,1
59356,1
44950,1
63394,1
35885,1
66931,1
32832,1
38712,1
49994,1
60207,1
45467,1
65540,1
63355,1
34628,1
44000,1
36647,1
34033,1
43295,1
58347,1
53953,1
66330,1
38541,1
41521,1
35218,1
66156,1
56414,1
34655,1
44663,1
53196,1
44190,1
61326,1
48060,1
37560,1
56672,1
54019,1
66545,1
34022,1
66290,1
52269,1
62491,1
33580,1
64797,1
66952,1
62475,1
63755,1
42322,1
41876,1
37285,1
38895,1
43486,1
68228,1
53682,1
51190,1
58828,1
42591,1
42739,1
43573,1
61001,1
55731,1
52154,1
37922,1
60638,1
41257,1
33633,1
65705,1
39747,1
62819,1
41800,1
55761,1
46776,1
35550,1
53180,1
40019,1
33881,1
63325,1
46488,1
47339,1
63771,1
64680,1
58478,1
56497,1
57208,1
36266,1
56736,1
37821,1
35586,1
68521,1
61655,1
68912,1
53780,1
49766,1
58599,1
60274,1
57031,1
63893,1
57610,1
54841,1
63749,1
36924,1
48845,1
35028,1
56678,1
61945,1
36139,1
67417,1
54856,1
43224,1
62876,1
53799,1
34329,1
50315,1
55318,1
47126,1
36839,1
40903,1
65617,1
35388,1
38844,1
60385,1
44382,1
37379,1
36381,1
32681,1
64474,1
56822,1
63041,1
34461,1
51628,1
41412,1
38159,1
36937,1
66769,1
52328,1
56221,1
61662,1
40099,1
45639,1
68116,1
65032,1
61172,1
41841,1
56584,1
66429,1
56977,1
43666,1
45281,1
42254,1
55815,1
67702,1
55000,1
55478,1
60191,1
37381,1
43399,1
63158,1
64815,1
66036,1
59913,1
43225,1
47521,1
41501,1
48646,1
53686,1
66938,1
45134,1
56880,1
62011,1
59042,1
39396,1
50902,1
65961,1
38834,1
52326,1
58998,1
34728,1
66974,1
50191,1
46315,1
62451,1
66175,1
39197,1
56083,1
46294,1
54818,1
55150,1
52565,1
50702,1
53785,1
46633,1
65530,1
38860,1
67682,1
48049,1
60460,1
65309,1
61778,1
49120,1
38582,1
60140,1
40477,1
42083,1
68092,1
32992,1
39146,1
54428,1
68684,1
53610,1
38039,1
61548,1
37435,1
42397,1
50898,1
48459,1
35248,1
49421,1
66521,1
44101,1
37757,1
52583,1
53401,1
49222,1
57238,1
39139,1
48291,1
52834,1
50649,1
47774,1
49397,1
67705,1
40078,1
51069,1
66462,1
53751,1
44056,1
42796,1
64795,1
41642,1
44269,1
65748,1
37348,1
62569,1
61933,1
64273,1
49027,1
45721,1
33140,1
49009,1
57260,1
64325,1
34647,1
66365,1
39991,1
60041,1
41228,1
61640,1
62999,1
68905,1
40934,1
53090,1
43079,1
58290,1
35862,1
52802,1
37235,1
48876,1
52201,1
45713,1
54749,1
63553,1
42820,1
61682,1
44638,1
36031,1
59178,1
40791,1
42855,1
67435,1
67420,1
43025,1
63067,1
54583,1
67819,1
56474,1
64609,1
38592,1
40814,1
50347,1
50431,1
59411,1
34457,1
61222,1
34359,1
65859,1
57028,1
66402,1
63678,1
62784,1
35919,1
57727,1
66119,1
34870,1
62045,1
40396,1
50780,1
35848,1
47172,1
53605,1
62631,1
66693,1
48004,1
59839,1
65856,1
59555,1
60122,1
43912,1
49448,1
55326,1
67156,1
56982,1
62149,1
60568,1
33531,1
34386,1
46532,1
58373,1
59726,1
60646,1
61144,1
67959,1
40130,1
37636,1
35914,1
41326,1
54777,1
42976,1
50499,1
45390,1
49286,1
58021,1
54224,1
61007,1
62352,1
49040,1
37058,1
57296,1
34634,1
33089,1
55308,1
44796,1
56783,1
51896,1
54228,1
63691,1
49454,1
47436,1
54893,1
33679,1
54166,1
60156,1
44113,1
63513,1
68829,1
66433,1
44170,1
47383,1
45473,1
37159,1
40580,1
57417,1
53670,1
64397,1
62177,1
68689,1
61286,1
33372,1
45674,1
45679,1
34180,1
51319,1
49515,1
67660,1
68715,1
49230,1
48493,1
41454,1
60450,1
40367,1
68548,1
33141,1
50281,1
49915,1
36280,1
65421,1
42709,1
67503,1
53280,1
60780,1
42902,1
48820,1
40711,1
34019,1
55283,1
65935,1
49747,1
65835,1
52043,1
59832,1
36582,1
48903,1
37369,1
61815,1
56706,1
50458,1
50631,1
45536,1
47929,1
60413,1
45130,1
46854,1
55603,1
65555,1
36174,1
44967,1
66821,1
38180,1
53787,1
48869,1
58830,1
63364,1
42781,1
41296,1
39842,1
64161,1
62447,1
63761,1
44733,1
44238,1
56693,1
50812,1
39795,1
40854,1
52896,1
54236,1
40302,1
39381,1
57823,1
63809,1
34379,1
39190,1
60628,1
42059,1
36251,1
48318,1
56098,1
54834,1
39334,1
67527,1
42651,1
41900,1
49127,1
57399,1
68301,1
59814,1
34588,1
33392,1
57030,1
48272,1
45504,1
66872,1
45650,1
44422,1
67441,1
36519,1
43241,1
66670,1
64767,1
35663,1
45978,1
32678,1
49887,1
54073,1
38855,1
58631,1
63144,1
61866,1
46433,1
60989,1
49731,1
42930,1
37066,1
46127,1
48296,1
35740,1
46666,1
48720,1
39898,1
54320,1
41968,1
36962,1
41196,1
50954,1
36766,1
54460,1
35281,1
62763,1
35136,1
56039,1
34098,1
66344,1
64187,1
53952,1
56913,1
35943,1
50200,1
66701,1
32998,1
64378,1
52066,1
66567,1
54604,1
60080,1
42182,1
45024,1
49689,1
57456,1
37612,1
46521,1
60619,1
64597,1
60197,1
47565,1
41502,1
66236,1
52660,1
48785,1
48639,1
52634,1
66904,1
43899,1
60828,1
32835,1
67051,1
46186,1
62299,1
33683,1
34791,1
46941,1
59423,1
42148,1
58698,1
52392,1
50078,1
65867,1
66923,1
55256,1
42456,1
57836,1
59683,1
67385,1
68894,1
35350,1
38864,1
58703,1
55098,1
66591,1
55708,1
40661,1
55592,1
47873,1
33860,1
33583,1
37014,1
52126,1
47717,1
47370,1
44240,1
60798,1
34615,1
43152,1
33368,1
38002,1
52177,1
55379,1
66534,1
51378,1
41671,1
59066,1
63194,1
39586,1
52710,1
56358,1
65589,1
43758,1
43565,1
47647,1
46651,1
44084,1
43563,1
68045,1
60818,1
49967,1
46430,1
66816,1
52486,1
64697,1
62018,1
44448,1
53878,1
65293,1
45867,1
63792,1
61192,1
56152,1
51838,1
58220,1
44055,1
48524,1
41192,1
61424,1
50647,1
65249,1
59107,1
64598,1
47387,1
40249,1
36181,1
55494,1
44109,1
68303,1
48058,1
38256,1
42034,1
60072,1
47639,1
49358,1
65703,1
44280,1
33238,1
61246,1
43987,1
54764,1
60386,1
62108,1
44728,1
44145,1
33533,1
68069,1
41544,1
33038,1
47294,1
56293,1
58575,1
64761,1
63661,1
34549,1
42388,1
56735,1
63535,1
45778,1
47613,1
52651,1
63625,1
51322,1
33111,1
34744,1
59597,1
36473,1
61751,1
44078,1
42158,1
66209,1
45032,1
47664,1
46720,1
67865,1
68309,1
52233,1
33707,1
39855,1
55750,1
64566,1
50796,1
60549,1
48767,1
45593,1
57506,1
53906,1
44038,1
60422,1
36549,1
47928,1
43186,1
34603,1
47540,1
46655,1
32819,1
45489,1
64710,1
52327,1
40205,1
38642,1
41241,1
41207,1
66200,1
45614,1
38853,1
45850,1
41682,1
34055,1
62050,1
67027,1
58791,1
42187,1
65075,1
57708,1
44756,1
41678,1
34555,1
58357,1
43767,1
52076,1
58060,1
50745,1
59733,1
65648,1
53480,1
42741,1
42084,1
67383,1
43194,1
65639,1
54417,1
67152,1
51139,1
59325,1
34908,1
38035,1
44456,1
58635,1
58043,1
51689,1
58779,1
52664,1
41813,1
35494,1
68083,1
64915,1
50676,1
53827,1
38009,1
47017,1
44577,1
52251,1
59105,1
32894,1
66240,1
65371,1
34132,1
63151,1
41126,1
68584,1
41713,1
66851,1
45363,1
48629,1
62343,1
64287,1
33755,1
59571,1
37200,1
33591,1
59225,1
60225,1
39065,1
64435,1
62689,1
57078,1
45129,1
43685,1
34348,1
48711,1
66472,1
34547,1
33435,1
65506,1
65119,1
54151,1
52610,1
63979,1
60231,1
41942,1
63274,1
40629,1
52346,1
35738,1
36191,1
65503,1
54214,1
35636,1
68349,1
43625,1
65689,1
39130,1
34973,1
59558,1
58250,1
41992,1
50753,1
56958,1
49360,1
56852,1
43534,1
37221,1
43867,1
36479,1
34511,1
52364,1
51561,1
53236,1
61977,1
56717,1
63902,1
46574,1
44143,1
34766,1
64741,1
41870,1
57134,1
41522,1
57073,1
41686,1
38373,1
47300,1
49213,1
67327,1
33327,1
35967,1
58954,1
32929,1
46828,1
59093,1
40853,1
37205,1
59198,1
65261,1
65802,1
52818,1
65685,1
68074,1
39702,1
45246,1
49568,1
54425,1
47727,1
38120,1
51782,1
65129,1
47627,1
47214,1
39026,1
63874,1
56918,1
42943,1
48828,1
38424,1
64438,1
39515,1
45776,1
51922,1
45478,1
54580,1
57366,1
51640,1
62480,1
61586,1
36002,1
65362,1
64195,1
46317,1
53129,1
58595,1
43904,1
62655,1
54626,1
62654,1
67982,1
66643,1
50821,1
66490,1
68535,1
33484,1
63457,1
34391,1
48908,1
67402,1
34890,1
47100,1
34020,1
34930,1
45538,1
38609,1
35302,1
67621,1
50087,1
45022,1
64785,1
66758,1
39303,1
50937,1
34858,1
42103,1
51688,1
67158,1
59930,1
41982,1
58944,1
46157,1
36440,1
36210,1
38729,1
51231,1
61233,1
39653,1
33254,1
41843,1
38001,1
58615,1
61774,1
61529,1
40238,1
54088,1
39785,1
62924,1
33968,1
50511,1
67530,1
34015,1
64610,1
48204,1
57625,1
37507,1
63495,1
37562,1
51550,1
33904,1
61069,1
35861,1
41557,1
57040,1
43773,1
43002,1
59762,1
46023,1
48858,1
44374,1
33246,1
33471,1
48600,1
49811,1
49969,1
46770,1
57611,1
51526,1
36192,1
57453,1
48953,1
46006,1
35564,1
54102,1
35397,1
66857,1
58356,1
56595,1
62842,1
41094,1
36512,1
57362,1
65288,1
65493,1
50236,1
37242,1
37345,1
40747,1
64229,1
60238,1
66071,1
51535,1
47908,1
58732,1
67280,1
67513,1
33299,1
53245,1
53372,1
64606,1
34703,1
39996,1
51289,1
44934,1
46343,1
42734,1
62565,1
39173,1
64769,1
50352,1
48615,1
41271,1
64932,1
58827,1
60405,1
34454,1
46814,1
39659,1
58666,1
67992,1
34400,1
34958,1
55492,1
48427,1
63961,1
67213,1
67446,1
41377,1
59497,1
40563,1
46485,1
48423,1
52547,1
49110,1
41289,1
44153,1
63262,1
33897,1
37253,1
68009,1
35745,1
65017,1
34584,1
54466,1
56849,1
61131,1
54933,1
64338,1
36711,1
54115,1
33021,1
49772,1
65495,1
38578,1
68263,1
34609,1
63164,1
55769,1
44794,1
60920,1
61521,1
45183,1
36950,1
65320,1
37769,1
32862,1
51701,1
41052,1
52474,1
61828,1
44414,1
48672,1
66529,1
54439,1
49839,1
36095,1
40243,1
67277,1
45752,1
48263,1
56820,1
51200,1
32712,1
68015,1
59188,1
54087,1
40111,1
51679,1
67240,1
45318,1
35418,1
54004,1
34445,1
58348,1
51693,1
67034,1
68532,1
63197,1
65543,1
55959,1
54647,1
53515,1
66480,1
61247,1
64068,1
63740,1
52592,1
59642,1
68051,1
33036,1
67126,1
54409,1
57826,1
33530,1
67234,1
46270,1
33358,1
54928,1
43068,1
52554,1
65181,1
68215,1
36046,1
66089,1
41462,1
33641,1
68921,1
38167,1
40508,1
50054,1
56605,1
63696,1
62904,1
55206,1
66890,1
45277,1
51940,1
37419,1
42109,1
37195,1
61068,1
57409,1
54966,1
49955,1
50724,1
39302,1
37349,1
58146,1
59977,1
38768,1
51630,1
47278,1
36480,1
62812,1
61991,1
52560,1
38804,1
52404,1
60825,1
65862,1
53488,1
38734,1
57599,1
54959,1
67227,1
62455,1
51175,1
37183,1
47023,1
53445,1
51947,1
35597,1
58424,1
65877,1
33645,1
56024,1
38087,1
35632,1
39202,1
45760,1
59772,1
41689,1
55654,1
34277,1
49799,1
58370,1
52601,1
33631,1
47480,1
60903,1
44940,1
60616,1
55246,1
44308,1
35565,1
60256,1
44563,1
49835,1
54424,1
44009,1
39101,1
67980,1
53112,1
39749,1
55530,1
51431,1
49633,1
61577,1
49278,1
39326,1
65888,1
38434,1
64538,1
62127,1
33810,1
45960,1
60737,1
65319,1
62309,1
60829,1
68806,1
58377,1
58815,1
54186,1
54700,1
52390,1
56576,1
61846,1
39626,1
38735,1
45864,1
67774,1
68242,1
46474,1
52594,1
36940,1
50492,1
57515,1
47304,1
58775,1
62950,1
51021,1
61823,1
64689,1
56240,1
37040,1
48301,1
38653,1
33712,1
54833,1
36805,1
57669,1
34687,1
39509,1
35321,1
47808,1
40507,1
63624,1
35559,1
66803,1
66871,1
41493,1
57143,1
35219,1
33201,1
58740,1
50276,1
43507,1
58745,1
37421,1
40274,1
41887,1
60370,1
60244,1
56091,1
37746,1
65311,1
36641,1
66434,1
37059,1
63453,1
35379,1
65979,1
52321,1
68746,1
43983,1
43908,1
39417,1
60086,1
42948,1
35360,1
38801,1
36342,1
35422,1
60772,1
43556,1
66991,1
36985,1
60930,1
56078,1
50391,1
39685,1
67461,1
66800,1
45620,1
36102,1
57968,1
47793,1
58634,1
59959,1
35947,1
36996,1
63169,1
66009,1
62054,1
55627,1
37351,1
43623,1
56800,1
39677,1
33425,1
39492,1
38736,1
37740,1
56397,1
34991,1
53177,1
37657,1
45111,1
61914,1
58337,1
42883,1
63156,1
46163,1
39845,1
36745,1
63318,1
38257,1
34822,1
42480,1
34380,1
44580,1
60967,1
66549,1
67447,1
44892,1
50789,1
38233,1
67184,1
34649,1
62623,1
52800,1
37503,1
64322,1
38413,1
47707,1
44490,1
61842,1
40448,1
60592,1
63374,1
46929,1
33703,1
51336,1
52222,1
45433,1
63872,1
44604,1
60875,1
36977,1
55757,1
65599,1
53939,1
59796,1
66230,1
44462,1
59179,1
40167,1
46108,1
37470,1
41659,1
68339,1
43927,1
48486,1
34949,1
37635,1
53458,1
43620,1
61825,1
43759,1
37180,1
52355,1
34453,1
49379,1
53940,1
61884,1
41930,1
63692,1
56814,1
62985,1
67251,1
54522,1
63322,1
66122,1
43866,1
52589,1
46235,1
54064,1
60131,1
62196,1
66309,1
62844,1
60817,1
50408,1
35702,1
67603,1
36572,1
35245,1
57233,1
56835,1
33670,1
44818,1
51770,1
62971,1
59293,1
48900,1
53721,1
59774,1
50517,1
50989,1
33100,1
42663,1
60355,1
61900,1
44815,1
42006,1
58399,1
34130,1
60119,1
40572,1
61838,1
33809,1
36530,1
32833,1
51408,1
58562,1
57559,1
44730,1
53638,1
46035,1
65980,1
52343,1
58492,1
57046,1
63955,1
62604,1
50067,1
46519,1
53424,1
52325,1
58253,1
35199,1
47698,1
56154,1
61605,1
33328,1
56065,1
36088,1
39919,1
64528,1
40496,1
62012,1
43475,1
61306,1
62720,1
46052,1
54994,1
63568,1
61567,1
65126,1
54146,1
47537,1
41832,1
44141,1
58185,1
45213,1
43514,1
44203,1
40222,1
38778,1
54363,1
43254,1
53950,1
67193,1
36463,1
45617,1
33543,1
35747,1
52065,1
58147,1
59738,1
55497,1
39188,1
55502,1
34927,1
40090,1
53631,1
59974,1
45198,1
55948,1
63037,1
43317,1
67349,1
40296,1
52171,1
48335,1
37188,1
50607,1
45056,1
67655,1
56895,1
36709,1
68681,1
36335,1
56663,1
50939,1
60001,1
59208,1
48198,1
54528,1
44486,1
61512,1
55542,1
59684,1
33902,1
41884,1
43765,1
42138,1
42214,1
65692,1
55533,1
67533,1
45501,1
39792,1
48295,1
41530,1
49910,1
59929,1
47461,1
62811,1
34756,1
58365,1
44661,1
48138,1
67680,1
33086,1
44419,1
63348,1
41615,1
59509,1
36851,1
63154,1
68867,1
44060,1
50011,1
34759,1
42181,1
58647,1
44703,1
48878,1
63138,1
56491,1
35187,1
68490,1
54373,1
42590,1
38873,1
45678,1
52376,1
57984,1
63025,1
35902,1
60820,1
33751,1
42567,1
61342,1
51575,1
39557,1
64754,1
45265,1
45343,1
61755,1
54736,1
39358,1
57415,1
35221,1
50608,1
63329,1
42239,1
41784,1
49628,1
43804,1
37508,1
33267,1
40799,1
49591,1
65139,1
46300,1
38301,1
59106,1
42370,1
34577,1
64032,1
44474,1
50103,1
44672,1
46001,1
61851,1
35755,1
34103,1
58201,1
52349,1
36019,1
45458,1
45341,1
38046,1
33719,1
36720,1
46725,1
43013,1
56167,1
39849,1
45641,1
36762,1
36239,1
63813,1
33736,1
34999,1
54169,1
68432,1
39092,1
42341,1
46893,1
44212,1
58527,1
61528,1
47710,1
66536,1
42457,1
38118,1
63887,1
59382,1
54615,1
46103,1
55762,1
58305,1
48924,1
66563,1
62015,1
65212,1
54267,1
42409,1
61165,1
55554,1
35131,1
65143,1
54127,1
42603,1
60634,1
63268,1
35986,1
54182,1
51929,1
67076,1
64486,1
65890,1
53319,1
35996,1
62911,1
48491,1
66741,1
38090,1
57700,1
45105,1
51507,1
61048,1
45414,1
50422,1
42504,1
40316,1
46155,1
57386,1
57536,1
67593,1
49524,1
35087,1
48246,1
40982,1
45638,1
52969,1
37409,1
36825,1
64515,1
56900,1
39846,1
40173,1
48140,1
55914,1
45596,1
43769,1
47136,1
63807,1
59361,1
50541,1
68509,1
37157,1
44734,1
67334,1
52794,1
50358,1
62559,1
52235,1
53531,1
44765,1
41391,1
34463,1
33033,1
49400,1
62280,1
66986,1
42696,1
67129,1
47245,1
61798,1
35750,1
58234,1
67856,1
64951,1
50539,1
59807,1
63753,1
45132,1
36348,1
37124,1
41218,1
47082,1
44136,1
45999,1
47174,1
44426,1
54689,1
32933,1
35968,1
52426,1
50151,1
64831,1
66663,1
51079,1
64259,1
67145,1
35363,1
60076,1
60215,1
38445,1
44330,1
64266,1
63174,1
43630,1
59304,1
53978,1
40573,1
60764,1
36613,1
61699,1
43755,1
68133,1
66705,1
49976,1
64621,1
46882,1
50529,1
35925,1
33118,1
37524,1
35487,1
36566,1
43599,1
38347,1
39434,1
38561,1
49743,1
60299,1
54962,1
50984,1
68413,1
39593,1
55122,1
39714,1
52751,1
43768,1
39982,1
65843,1
42256,1
46728,1
44475,1
58387,1
39875,1
45609,1
49467,1
47095,1
67562,1
54201,1
39052,1
67100,1
58479,1
64837,1
55944,1
60897,1
42116,1
39466,1
51412,1
42540,1
46766,1
62562,1
49921,1
57455,1
49947,1
51031,1
42455,1
33340,1
58750,1
66597,1
59887,1
58067,1
57822,1
56318,1
58632,1
54581,1
33770,1
65847,1
62762,1
34485,1
59097,1
33087,1
37701,1
48190,1
43169,1
62907,1
62531,1
60275,1
44195,1
60911,1
60152,1
59143,1
39220,1
43284,1
59875,1
41526,1
39077,1
67652,1
57974,1
36196,1
61707,1
52964,1
57865,1
59379,1
63763,1
36451,1
52100,1
47956,1
47673,1
42973,1
42022,1
46790,1
64479,1
57104,1
37306,1
43918,1
51755,1
39444,1
34404,1
53142,1
40453,1
38573,1
66029,1
47593,1
38575,1
47425,1
44397,1
40601,1
47144,1
34840,1
61373,1
56534,1
37637,1
33333,1
35735,1
43822,1
58606,1
47556,1
60398,1
33416,1
34274,1
43245,1
36147,1
63135,1
55485,1
49295,1
35959,1
62167,1
42460,1
41927,1
54292,1
53140,1
41634,1
42871,1
54118,1
45773,1
65987,1
66507,1
56502,1
54561,1
63044,1
55451,1
54525,1
36497,1
43694,1
37493,1
68212,1
39414,1
52488,1
61290,1
55916,1
41643,1
43421,1
35616,1
60947,1
59827,1
68923,1
62404,1
35042,1
68907,1
33493,1
40005,1
41379,1
47531,1
42797,1
51992,1
52824,1
43236,1
40351,1
50942,1
36919,1
64385,1
43200,1
49741,1
55174,1
60550,1
55265,1
36981,1
42091,1
48871,1
59345,1
56581,1
63208,1
63589,1
63425,1
52939,1
67720,1
33825,1
56028,1
41836,1
59369,1
62715,1
61921,1
54168,1
33491,1
34971,1
57019,1
44620,1
58034,1
60560,1
65587,1
34613,1
50340,1
60067,1
46194,1
63699,1
51800,1
62954,1
63395,1
63072,1
47329,1
39880,1
51279,1
43708,1
55260,1
40493,1
32796,1
38440,1
59900,1
47302,1
66824,1
50536,1
63741,1
46598,1
38458,1
33745,1
40235,1
33771,1
65446,1
41668,1
53914,1
61389,1
41766,1
38184,1
51591,1
37816,1
39401,1
37407,1
68926,1
40324,1
47583,1
52274,1
63145,1
46683,1
47375,1
50979,1
32970,1
68073,1
46177,1
59556,1
42678,1
51979,1
51767,1
49434,1
66879,1
63030,1
62024,1
52368,1
49864,1
61590,1
50297,1
58459,1
55371,1
68114,1
40388,1
52992,1
61785,1
50177,1
66759,1
50196,1
41616,1
65268,1
56515,1
33010,1
45052,1
47489,1
34995,1
65899,1
40305,1
52220,1
35765,1
41411,1
50170,1
52878,1
58650,1
59070,1
67540,1
37213,1
54720,1
43170,1
52437,1
59079,1
51555,1
50237,1
38525,1
60946,1
68541,1
52596,1
67495,1
66477,1
37414,1
43139,1
52755,1
58028,1
34305,1
50692,1
66275,1
60462,1
49625,1
41171,1
64758,1
33928,1
48013,1
64960,1
42934,1
53431,1
48442,1
48328,1
63968,1
43617,1
54306,1
57497,1
46851,1
59331,1
47071,1
57809,1
54444,1
42790,1
38989,1
55946,1
63538,1
58960,1
58107,1
49462,1
32969,1
43297,1
62256,1
56788,1
45223,1
41055,1
58496,1
35526,1
59350,1
68840,1
48406,1
56827,1
52312,1
48885,1
50563,1
65686,1
56983,1
61391,1
50099,1
51227,1
36781,1
40911,1
65312,1
64181,1
38217,1
51960,1
57866,1
39595,1
41406,1
49346,1
62831,1
36715,1
58825,1
38335,1
57483,1
67785,1
40073,1
45472,1
68481,1
67218,1
64466,1
67795,1
59227,1
44626,1
59339,1
38336,1
65128,1
44561,1
64596,1
67913,1
63157,1
33509,1
45723,1
60830,1
45605,1
50892,1
37590,1
64163,1
54795,1
42979,1
56905,1
68014,1
55861,1
63665,1
64579,1
54594,1
62393,1
59893,1
50034,1
34106,1
44146,1
66098,1
47239,1
39495,1
41635,1
34571,1
40488,1
53181,1
60252,1
65758,1
52345,1
42338,1
67908,1
34508,1
42056,1
44092,1
41268,1
68100,1
63233,1
35657,1
56782,1
56764,1
49100,1
64905,1
47931,1
52393,1
68041,1
66257,1
34782,1
55582,1
54667,1
57312,1
38507,1
45634,1
39493,1
55309,1
62065,1
35079,1
65699,1
41321,1
54405,1
58209,1
66564,1
50263,1
51700,1
42412,1
51419,1
53748,1
60530,1
66664,1
49924,1
43374,1
45247,1
61803,1
36590,1
43038,1
47659,1
66927,1
39656,1
45944,1
60716,1
35651,1
45201,1
50786,1
56926,1
37021,1
47197,1
33630,1
59992,1
49214,1
45142,1
58005,1
57018,1
58557,1
64615,1
38337,1
51998,1
58550,1
52249,1
49553,1
48025,1
68669,1
60624,1
37032,1
43673,1
68525,1
43441,1
47437,1
64134,1
56548,1
52072,1
54222,1
33027,1
46559,1
34608,1
50662,1
55822,1
49577,1
45000,1
41995,1
51980,1
42164,1
61566,1
55881,1
39390,1
54465,1
65612,1
34977,1
66414,1
36973,1
40122,1
34194,1
49794,1
51668,1
53156,1
33000,1
58009,1
54865,1
59096,1
39575,1
46188,1
60805,1
67166,1
53416,1
57615,1
64617,1
35216,1
62682,1
45540,1
60049,1
53052,1
68712,1
58950,1
60123,1
50344,1
51986,1
62306,1
37160,1
53710,1
67399,1
46216,1
45597,1
35802,1
57950,1
52670,1
68447,1
43010,1
43513,1
64245,1
40744,1
44545,1
63327,1
58036,1
42044,1
38620,1
50929,1
61118,1
62515,1
66886,1
60234,1
44797,1
67096,1
57946,1
37193,1
37052,1
54006,1
63365,1
45151,1
59025,1
47005,1
64535,1
55764,1
36556,1
63420,1
59727,1
43017,1
54326,1
66861,1
36117,1
64348,1
61685,1
51830,1
51760,1
57693,1
40969,1
56239,1
55349,1
67223,1
52859,1
64771,1
42223,1
49047,1
60051,1
40281,1
42638,1
64228,1
65147,1
46905,1
40436,1
43474,1
62930,1
34162,1
61693,1
67662,1
58434,1
39294,1
63730,1
55097,1
62804,1
51443,1
43465,1
49530,1
64350,1
56928,1
41200,1
61105,1
51187,1
46149,1
51146,1
68292,1
56349,1
42650,1
39131,1
51595,1
68444,1
42832,1
67553,1
37038,1
63345,1
61471,1
35869,1
55734,1
47875,1
59785,1
38976,1
42373,1
52296,1
60006,1
52365,1
49751,1
36372,1
67380,1
58878,1
59134,1
60293,1
68484,1
64076,1
61704,1
35169,1
49635,1
45868,1
54415,1
60036,1
37314,1
35008,1
38319,1
52316,1
57279,1
35018,1
66733,1
37860,1
42093,1
35998,1
49279,1
34002,1
68724,1
34520,1
38207,1
49097,1
52716,1
55802,1
37269,1
45612,1
66914,1
36064,1
66058,1
53323,1
51399,1
53256,1
33210,1
53421,1
55187,1
63376,1
55658,1
35599,1
46600,1
61668,1
55184,1
67077,1
49003,1
59221,1
68475,1
37930,1
56088,1
53268,1
49667,1
52492,1
42780,1
50502,1
66888,1
38714,1
47287,1
43026,1
55248,1
65976,1
52721,1
37000,1
60349,1
64081,1
59094,1
58371,1
43941,1
54724,1
49377,1
52158,1
38826,1
36929,1
56244,1
61860,1
56449,1
65090,1
54883,1
64808,1
45530,1
49944,1
48294,1
61023,1
66980,1
48846,1
63633,1
66884,1
57540,1
65548,1
34580,1
52041,1
55068,1
33876,1
33527,1
63862,1
46075,1
54884,1
40555,1
34831,1
48380,1
63063,1
57168,1
42601,1
55307,1
44866,1
64460,1
62815,1
35065,1
65467,1
49687,1
61690,1
68450,1
35058,1
40837,1
33546,1
46896,1
35268,1
58625,1
47297,1
56626,1
39293,1
52314,1
43138,1
58877,1
53025,1
39669,1
32687,1
62270,1
66727,1
63076,1
42562,1
39871,1
58990,1
33570,1
53443,1
52416,1
56804,1
43228,1
64799,1
57541,1
57004,1
57983,1
64136,1
38995,1
34159,1
58353,1
62684,1
66579,1
65120,1
39008,1
59321,1
52478,1
59386,1
33901,1
43980,1
58282,1
67921,1
34060,1
62464,1
46794,1
65814,1
34968,1
56220,1
46780,1
51213,1
47077,1
46054,1
33862,1
41463,1
61359,1
32838,1
37764,1
68556,1
56726,1
38802,1
43807,1
48357,1
57062,1
52994,1
36403,1
59243,1
57776,1
33822,1
53933,1
36862,1
55808,1
50597,1
61071,1
49332,1
51901,1
34449,1
67502,1
53477,1
42308,1
39278,1
48758,1
56272,1
53600,1
35939,1
40001,1
47058,1
45321,1
58760,1
56215,1
38324,1
33853,1
52817,1
64213,1
55560,1
62936,1
44504,1
52549,1
38141,1
54852,1
59071,1
65160,1
48783,1
41282,1
64357,1
66799,1
52433,1
41092,1
53907,1
44679,1
62117,1
48827,1
63641,1
41802,1
48237,1
40343,1
32748,1
57646,1
67014,1
38270,1
42763,1
53616,1
60039,1
44798,1
63951,1
39550,1
55112,1
61848,1
60007,1
60270,1
65127,1
48817,1
50370,1
64004,1
59752,1
36716,1
55044,1
61651,1
35143,1
55473,1
51919,1
45598,1
36113,1
60902,1
46548,1
52260,1
47093,1
35590,1
44355,1
32753,1
39662,1
54915,1
41926,1
42804,1
57467,1
46402,1
42067,1
38815,1
37078,1
34479,1
42624,1
53002,1
52092,1
54867,1
60411,1
34245,1
43843,1
67793,1
44376,1
33660,1
36792,1
37362,1
46717,1
38024,1
44885,1
57479,1
66373,1
36143,1
45257,1
66269,1
39541,1
48299,1
53232,1
49154,1
34620,1
60856,1
68671,1
49579,1
47815,1
42030,1
63068,1
65631,1
39252,1
42199,1
33503,1
49709,1
38427,1
50738,1
40124,1
63876,1
44722,1
50472,1
63196,1
52091,1
47165,1
68708,1
66511,1
33301,1
55578,1
40242,1
57167,1
64046,1
63441,1
51347,1
45579,1
42713,1
52383,1
42133,1
61347,1
56794,1
40548,1
36206,1
67582,1
33475,1
40759,1
45959,1
34900,1
41033,1
54388,1
63302,1
53340,1
61418,1
48042,1
39374,1
43325,1
37766,1
36824,1
33092,1
32961,1
57458,1
56564,1
62861,1
39157,1
45862,1
32779,1
58461,1
46376,1
44165,1
47790,1
41362,1
39287,1
66922,1
48481,1
55105,1
67610,1
53069,1
59080,1
51211,1
58471,1
66296,1
38624,1
56458,1
62066,1
39781,1
39035,1
64095,1
47029,1
55445,1
40162,1
63843,1
47526,1
46310,1
61203,1
47105,1
40995,1
44862,1
40199,1
67841,1
56695,1
40817,1
54731,1
45491,1
41470,1
51686,1
51900,1
